Afghanistan,1979,16,18,11.14279802,45.79601619,1.984615385,2.234615385,53.7,9.2,15.4,25.3,27.98571429,92.58,55097,6521000,0.008449143
Algeria,1985,18,21,72.49017493,85.37204888,29.12105263,33.10526316,12.4,1.14,23.16,27.22,20.5,98.9,51476,11327000,0.00454454
Algeria,1986,18,21,73.40872091,85.8010694,30.21052632,34.45263158,11,0.97,23.43,27.46,20.9,98.82,41659,11665000,0.003571282
Argentina,1994,16,18,98.55155025,98.25821259,53.125,41.5,11.86,3.06,23.69,26.13,36.6,103.8,103137,17533000,0.00588245
Argentina,1995,16,18,98.63385343,98.32245334,54.65,53.36,11.68,3.18,23.82,26.24,37.5,103.9,103688,17756000,0.005839604
Argentina,1996,16,18,98.71615661,98.38669409,56.175,55.35,11.5,3.3,23.95,26.35,37.9,103.9,105709,17979000,0.005879582
Argentina,1997,16,18,98.7984598,98.45093484,57.7,57.34,11.32,3.42,24.08,26.46,38.2,103.9,111898,18200000,0.006148242
Argentina,1998,16,18,98.88076298,98.51517559,59.225,59.33,11.14,3.54,24.21,26.57,38.7,104,107857,18418000,0.005856065
Argentina,1999,16,18,98.96306616,98.57941633,60.75,61.32,10.96,3.66,24.34,26.68,39.4,104.1,105546,18628000,0.005665987
Argentina,2000,16,18,99.04536935,98.64365708,62.275,63.31,10.78,3.78,24.47,26.79,40,104.3,106337,18831000,0.005646912
Armenia,1985,17,17,98.9697296,98.972424,24.78947368,56.34736842,15.52,2.2,21.32,24.12,47.1,104.5,7984,1706000,0.004679953
Armenia,1986,17,17,99,99,24.85789474,56.28947368,15.84,2.25,21.29,24.14,47.1,104.2666667,7786,1737000,0.004482441
Armenia,1987,17,17,99,99,24.92631579,56.23157895,16.16,2.3,21.26,24.16,47.2,104.0333333,7560,1769000,0.004273601
Armenia,1988,17,17,99,99,24.99473684,56.17368421,16.48,2.35,21.23,24.18,47.3,103.8,8159,1799000,0.004535297
Armenia,1989,17,17,99.90996264,99.90936706,25.06315789,56.11578947,16.8,2.4,21.2,24.2,47.5,104.9,8530,1819000,0.00468939
Armenia,1990,17,17,99.90593821,99.8962819,25.13157895,56.05789474,16.05833333,2.266666667,21.38333333,24.46666667,47.7,106.2,10018,1825000,0.005489315
Armenia,1991,17,17,99.90191377,99.88319674,25.2,56,15.31666667,2.133333333,21.56666667,24.73333333,47.5,107.1,11283,1815000,0.006216529
Armenia,1992,17,17,99.89788934,99.87011157,24.66666667,56.5,14.575,2,21.75,25,47.3,108,12447,1790000,0.006953631
Armenia,1993,17,17,99.8938649,99.85702641,24.13333333,57,13.83333333,1.866666667,21.93333333,25.26666667,47.1,108.9,11832,1756000,0.006738041
Armenia,1994,17,17,99.88984047,99.84394125,23.6,57.5,13.09166667,1.733333333,22.11666667,25.53333333,46.9,109.8,10637,1723000,0.006173535
Armenia,1995,17,17,99.88581603,99.83085609,23.06666667,58,12.35,1.6,22.3,25.8,46.8,110.7,8964,1695000,0.005288496
Armenia,1996,17,17,99.8817916,99.81777092,22.53333333,58.5,11.60833333,1.466666667,22.48333333,26.06666667,46.7,111.08,8694,1675000,0.005190448
Armenia,1997,17,17,99.87776716,99.80468576,22,59,10.86666667,1.333333333,22.66666667,26.33333333,46.5,111.46,7257,1662000,0.004366426
Armenia,1998,17,17,99.87374273,99.7916006,21.46666667,59.5,10.125,1.2,22.85,26.6,47,111.84,5917,1653000,0.003579552
Armenia,1999,17,17,99.86971829,99.77851543,20.93333333,60,9.383333333,1.066666667,23.03333333,26.86666667,47.3,112.22,5243,1643000,0.003191114
Armenia,2000,17,17,99.86569386,99.76543027,20.4,60.5,8.641666667,0.933333333,23.21666667,27.13333333,47.8,112.6,4937,1631000,0.003026977
Australia,1985,18,18,99,99,72.41578947,76.3,2.826666667,0.653333333,24.58,26.92,38.3,100.5,14556,7906000,0.001841133
Australia,1986,18,18,99,99,72.2,76.1,2.4,0.6,24.8,27.1,39.2,100.2,14326,8035000,0.00178295
Australia,1987,18,18,99,99,71.27777778,75.05555556,2.3,0.6,25.09,27.38,39.7,100.3,13984,8172000,0.001711209
Australia,1988,18,18,99,99,70.35555556,74.01111111,2.2,0.6,25.38,27.66,40.3,100.4,13961,8310000,0.001680024
Australia,1989,18,18,99,99,69.43333333,72.96666667,2.1,0.6,25.67,27.94,40.8,100.5,14259,8445000,0.001688455
Australia,1990,18,18,99,99,68.51111111,71.92222222,2,0.6,25.96,28.22,41.3,100.3,15107,8571000,0.001762571
Australia,1991,18,18,99,99,67.58888889,70.87777778,1.9,0.6,26.25,28.5,41.5,100.6,14717,8687000,0.001694141
Australia,1992,18,18,99,99,66.66666667,69.83333333,1.8,0.6,26.54,28.78,41.6,100.7,14154,8794000,0.001609506
Australia,1993,18,18,99,99,65.74444444,68.78888889,1.7,0.6,26.83,29.06,41.7,100.8,13175,8896000,0.001481003
Australia,1994,18,18,99,99,64.82222222,67.74444444,1.6,0.6,27.12,29.34,42.1,100.9,12853,8999000,0.00142827
Australia,1995,18,18,99,99,63.9,66.7,1.5,0.6,27.41,29.62,42.7,100.9,12631,9106000,0.001387107
Australia,1996,18,18,99,99,64.88571429,67.28571429,1.4,0.6,27.7,29.9,42.8,101,12509,9220000,0.001356725
Australia,1997,18,18,99,99,65.87142857,67.87142857,1.32,0.56,27.94,30.12,42.9,101.2,12309,9339000,0.001318021
Australia,1998,18,18,99,99,66.85714286,68.45714286,1.24,0.52,28.18,30.34,43.3,101.3,11849,9461000,0.001252405
Australia,1999,18,18,99,99,67.84285714,69.04285714,1.16,0.48,28.42,30.56,43.3,101.4,11751,9583000,0.001226234
Australia,2000,18,18,99,99,68.82857143,69.62857143,1.08,0.44,28.66,30.78,44,101.5,11474,9703000,0.001182521
Austria,1989,16,16,99,99,42.23072103,46.33072103,3,0.58,25.58,28.5,40.4,109.4,5653,3988000,0.001417503
Austria,1990,16,16,99,99,42.88347517,46.98347517,2.85,0.59,25.84,28.7,40.8,108.3,5379,4002000,0.001344078
Austria,1991,16,16,99,99,43.53622931,47.63622931,2.7,0.6,26.1,28.9,40.9,108.4,5596,4024000,0.001390656
Austria,1992,16,16,99,99,44.18898345,48.28898345,2.72,0.61,26.15,28.96,41.4,108,5488,4053000,0.001354059
Austria,1993,16,16,99,99,44.84173758,48.94173758,2.74,0.62,26.2,29.02,41.6,107.7,5191,4085000,0.001270747
Austria,1994,16,16,99,99,45.49449172,49.59449172,2.76,0.63,26.25,29.08,42.8,107.4,4292,4112000,0.001043774
Austria,1995,16,16,99,99,46.14724586,50.24724586,2.78,0.64,26.3,29.14,42.7,106.2,3894,4132000,9.42E-04
Austria,1996,16,16,99,99,46.8,50.9,2.8,0.65,26.35,29.2,42.7,107.2,3507,4142000,8.47E-04
Austria,1997,16,16,99,99,47.45275414,51.55275414,2.82,0.66,26.4,29.26,42.9,107.2,3367,4143000,8.13E-04
Austria,1998,16,16,99,99,48.10550828,52.20550828,2.84,0.67,26.45,29.32,42.9,107.1,3275,4140000,7.91E-04
Austria,1999,16,16,99,99,48.75826242,52.85826242,2.86,0.68,26.5,29.38,43,106.9,3105,4138000,7.50E-04
Azerbaijan,1993,17,18,98.7817413,98.77920351,18.83333333,59.76666667,9.68,1.72,23.84,26.28,46,103.875,12535,3860000,0.003247409
Azerbaijan,1994,17,18,98.8544942,98.85280234,18.4,59.1,10.2,1.85,23.85,26.4,45.6,103.7,13448,3917000,0.00343324
Azerbaijan,1995,17,18,98.9272471,98.92640117,17.96666667,58.43333333,10.72,1.98,23.86,26.52,45.4,104.2,13368,3967000,0.003369801
Azerbaijan,1996,17,18,99,99,17.53333333,57.76666667,11.24,2.11,23.87,26.64,45.6,103,12329,4011000,0.003073797
Azerbaijan,1997,17,18,99,99,17.1,57.1,11.76,2.24,23.88,26.76,45.8,102.8,14483,4050000,0.003576049
Azerbaijan,1998,17,18,99,99,16.66666667,56.43333333,12.28,2.37,23.89,26.88,46.1,103.8,13241,4084000,0.003242165
Azerbaijan,1999,17,18,99.9014917,99.87033569,16.23333333,55.76666667,12.8,2.5,23.9,27,46.3,104.7,12141,4117000,0.002948992
Azerbaijan,2000,17,18,99.9059213,99.8789806,15.8,55.1,12.52857143,2.171428571,23.78571429,26.95714286,46.7,104.9,11407,4151000,0.002748013
Barbados,1980,16,16,99.7,99.7,43.47142857,45.28571429,0.6,0.2,30.4,32.7,46.65714286,99,953,130000,0.007330769
Barbados,1985,16,16,99.7,99.7,49.61428571,51.35714286,0.6,0.2,31.1,33.5,46.8,109.5,710,133000,0.005338346
Barbados,1986,16,16,99.7,99.7,50.84285714,52.57142857,0.6,0.2,31.24,33.66,46.5,109.225,620,133000,0.004661654
Barbados,1987,16,16,99.7,99.7,52.07142857,53.78571429,0.6,0.2,31.38,33.82,46.3,108.95,571,134000,0.004261194
Barbados,1988,16,16,99.7,99.7,53.3,55,0.6,0.2,31.52,33.98,47.9,108.675,529,134000,0.003947761
Belarus,1988,18,18,99,99,32.37,34.86,8.21,1.47,21.84,24.51,49,113.975,13412,5420000,0.002474539
Belarus,1989,18,18,99.76628353,99.73197565,33.76,38.46,8.2,1.6,21.9,24.5,49,113.8,14117,5439000,0.002595514
Belarus,1990,18,18,99.77247613,99.73446551,35.15,40.45,8.01,1.54,21.99,24.59,48.8,113.4,13477,5452000,0.002471937
Belarus,1991,18,18,99.77866873,99.73695538,36.54,42.44,7.82,1.48,22.08,24.68,48.7,113.1,16242,5456000,0.002976906
Belarus,1992,18,18,99.78486133,99.73944524,37.93,44.43,7.63,1.42,22.17,24.77,48.5,112.8,16500,5454000,0.003025303
Belarus,1993,18,18,99.79105393,99.7419351,39.32,46.42,7.44,1.36,22.26,24.86,48.4,112.8,15770,5445000,0.002896235
Belarus,1994,18,18,99.79724654,99.74442497,40.71,48.41,7.25,1.3,22.35,24.95,48.3,113.5,15649,5432000,0.002880891
Belarus,1995,18,18,99.80343914,99.74691483,42.1,50.4,7.06,1.24,22.44,25.04,48.3,112.9,14495,5416000,0.002676329
Belarus,1996,18,18,99.80963174,99.74940469,43.49,52.62,6.87,1.18,22.53,25.13,48.4,114.2,13443,5397000,0.002490828
Belarus,1997,18,18,99.81582434,99.75189455,44.88,54.84,6.68,1.12,22.62,25.22,48.5,114.3,12612,5376000,0.002345982
Belarus,1998,18,18,99.82201694,99.75438442,46.27,57.06,6.49,1.06,22.71,25.31,48.6,114.4,11881,5352000,0.002219918
Belarus,1999,18,18,99.82820954,99.75687428,47.66,59.28,6.3,1,22.8,25.4,48.8,113,11506,5327000,0.00215994
Belgium,1981,18,18,99,99,60.65,82,5.3,0.7,22.4,24.8,36.71904762,99,7355,5047000,0.001457301
Belgium,1982,18,18,99,99,63.2,81,5.02,0.66,22.67,25.07,37.01428571,99,6633,5051000,0.001313205
Belgium,1986,18,18,99,99,67.64,79.96,3.9,0.5,23.75,26.15,38.3,104.8,4231,5067000,8.35E-04
Belgium,1987,18,18,99,99,68.75,79.7,3.62,0.46,24.02,26.42,38.5,104.8,3932,5072000,7.75E-04
Belgium,1992,18,18,99,99,74.3,78.4,2.35,0.28,25.43,27.84,40.3,104.5,3605,5135000,7.02E-04
Belgium,1995,18,18,99,99,62.6,65.26,1.9,0.22,26.42,28.86,41.3,104.5,3032,5191000,5.84E-04
Bulgaria,1989,18,18,98.40342703,98.60095952,33.09473684,82.45789474,14.875,2.825,21.875,25.55,47.7,102.5,23495,4495000,0.005226919
Bulgaria,1990,18,18,98.37895553,98.57668539,35.17894737,83.03157895,14.46875,2.75625,22.06875,25.7125,48,102.9,22518,4472000,0.005035331
Bulgaria,1992,18,18,98.33001255,98.52813711,39.34736842,84.17894737,13.65625,2.61875,22.45625,26.0375,48,103.4,21963,4398000,0.004993861
Bulgaria,1993,18,18,98.30554105,98.50386298,41.43157895,84.75263158,13.25,2.55,22.65,26.2,48,103.6,21025,4353000,0.004830002
Bulgaria,1994,18,18,98.28106956,98.47958884,43.51578947,85.32631579,12.84375,2.48125,22.84375,26.3625,47.9,103.9,18851,4307000,0.004376828
Bulgaria,1995,18,18,98.25659806,98.4553147,45.6,85.9,12.4375,2.4125,23.0375,26.525,47.8,104.2,16278,4265000,0.003816647
Bulgaria,1997,18,18,98.20765508,98.40676643,41.6,70.9,11.625,2.275,23.425,26.85,47.4,104.7,13071,4194000,0.003116595
Bulgaria,2000,18,18,98.13424059,98.33394402,42.65454545,62.34545455,10.40625,2.06875,24.00625,27.3375,46.4,105.2,12787,4102000,0.00311726
Burundi,1990,18,21,53.55520606,59.49784114,3.230769231,10.31538462,6.9,0.9,22.5,25.7,52.5,105.2,8261,2855000,0.00289347
Cambodia,1998,18,20,71.07159336,81.84628583,16.1,21.8,12.4,3,22.5,24.2,51.4,107.5,29923,6011000,0.004978083
Canada,1984,18,18,99,99,69.7,73.1,5.073333333,1.353333333,23.99333333,26.22,41.9952381,99,23885,12856000,0.001857887
Canada,1985,18,18,99,99,70.02727273,73.24545455,4.886666667,1.326666667,24.14666667,26.36,42.2,101.4,22315,13013000,0.001714824
Canada,1986,18,18,99,99,70.35454545,73.39090909,4.7,1.3,24.3,26.5,42.6,101.5,21662,13186000,0.001642803
Canada,1987,18,18,99,99,70.68181818,73.53636364,4.59,1.28,24.47,26.7,42.9,101.6,21216,13371000,0.001586718
Canada,1988,18,18,99,99,71.00909091,73.68181818,4.48,1.26,24.64,26.9,43.5,101.6,21304,13564000,0.001570628
Canada,1989,18,18,99,99,71.33636364,73.82727273,4.37,1.24,24.81,27.1,43.7,101.7,22697,13758000,0.001649731
Canada,1990,18,18,99,99,71.66363636,73.97272727,4.26,1.22,24.98,27.3,44.1,101.7,23418,13947000,0.001679071
Canada,1992,18,18,99,99,72.31818182,74.26363636,4.04,1.18,25.32,27.7,44.6,101.8,24248,14306000,0.001694953
Canada,1993,18,18,99,99,72.64545455,74.40909091,3.93,1.16,25.49,27.9,44.7,101.9,23693,14477000,0.001636596
Canada,1994,18,18,99,99,72.97272727,74.55454545,3.82,1.14,25.66,28.1,44.7,102,23980,14640000,0.001637978
Canada,1995,18,18,99,99,73.3,74.7,3.71,1.12,25.83,28.3,44.9,102,23657,14797000,0.00159877
Canada,1996,18,18,99,99,74.2,76.46666667,3.6,1.1,26,28.5,45.1,102.1,21824,14945000,0.001460288
Canada,1997,18,18,99,99,75.1,78.23333333,3.5,1.1,26.06,28.54,45.2,102.1,19920,15085000,0.001320517
Canada,1999,18,18,99,99,75,78.5,3.3,1.1,26.18,28.62,45.5,102,18982,15358000,0.001235968
Canada,2000,18,18,99,99,74,77,3.2,1.1,26.24,28.66,45.7,101.9,17503,15498000,0.001129372
Cape Verde,1985,18,18,85.72331765,88.11631425,11.04,15.84,5.65,1,24.65,27.7,37.6,115.4,1669,174000,0.009591954
Cape Verde,1990,18,18,88.16790464,89.94897497,22,27.03333333,6.7,1.1,25.7,28.1,38.1,113.3,1422,184000,0.007728261
Cape Verde,2000,18,18,95.21364418,94.43442142,49.17142857,55.3,10.2,1.2,24.6,28.8,34.7,109.8,2285,228000,0.010020333
Chile,1994,18,18,98.57904093,98.28588763,53.33072103,55.8,11.1,4.84,23.64,26.18,32.3,102.2,38848,7181000,0.005409831
Chile,1995,18,18,98.65457787,98.35060624,53.98347517,56.5,10.8,4.61,23.76,26.37,31.9,102.1,38885,7299000,0.005327442
Chile,1996,18,18,98.73011481,98.41532485,54.63622931,57.2,10.5,4.38,23.88,26.56,32.3,102.1,39701,7410000,0.00535776
Chile,1997,18,18,98.80565175,98.48004346,55.28898345,57.9,10.2,4.15,24,26.75,32.9,102.1,40734,7516000,0.005419638
Chile,1998,18,18,98.88118868,98.54476206,55.94173758,58.6,9.9,3.92,24.12,26.94,33.3,102.1,41530,7617000,0.005452278
Chile,1999,18,18,98.95672562,98.60948067,56.59449172,59.3,9.6,3.69,24.24,27.13,33.5,102.1,40439,7714000,0.005242287
Chile,2000,18,18,99.03226256,98.67419928,57.24724586,60,9.3,3.46,24.36,27.32,33.4,102.1,40312,7809000,0.005162249
Colombia,1985,18,18,89.00526533,85.65173714,50.58333333,62.08333333,15.2,3.6,22.7,26.1,32,101.3,122093,15128000,0.00807065
Colombia,1993,18,18,91.84652812,89.37749509,57.46,69.76,18.2,5.4,22.5,26,38.9,103.2,150165,17807000,0.008432929
Costa Rica,1978,15,15,97.27643807,96.50459681,54.9,63.8,15.28181818,2.263636364,21.92727273,25.26363636,21.13333333,96.295,13716,1092000,0.01256044
Costa Rica,1981,15,15,97.4072837,96.62956073,55.9,65.2,15.39090909,2.481818182,22.06363636,25.18181818,22.7047619,96.34,14001,1184000,0.011825169
Costa Rica,1984,15,15,97.53812933,96.75452466,57.28,67.78,15.5,2.7,22.2,25.1,24.27619048,96.385,13079,1288000,0.010154773
Costa Rica,1987,15,15,97.55248556,96.83758132,59.11428571,70.28571429,16.0625,2.90625,21.9375,25.26875,26,98.9,13385,1399000,0.009567548
Costa Rica,1988,15,15,97.55727097,96.86526688,60.02857143,71.07142857,16.25,2.975,21.85,25.325,27,99.2,13351,1436000,0.009297354
Costa Rica,1989,15,15,97.56205638,96.89295243,60.94285714,71.85714286,16.4375,3.04375,21.7625,25.38125,27.2,101,13503,1474000,0.009160787
Costa Rica,1990,15,15,97.56684179,96.92063798,61.85714286,72.64285714,16.625,3.1125,21.675,25.4375,27.6,96.5,12938,1513000,0.008551223
Costa Rica,1991,15,15,97.5716272,96.94832354,62.77142857,73.42857143,16.8125,3.18125,21.5875,25.49375,28.3,102.5,13139,1551000,0.008471309
Costa Rica,1994,15,15,97.58598342,97.0313802,65.75,75.83333333,16.675,3.3875,21.675,25.6625,29.2,99.4,14339,1668000,0.008596523
Costa Rica,1995,15,15,97.59076883,97.05906575,66.9,76.66666667,16.5125,3.45625,21.7625,25.71875,29.5,96.6,14760,1710000,0.008631579
Costa Rica,1996,15,15,97.59555424,97.0867513,68.05,77.5,16.35,3.525,21.85,25.775,29,99.6,14954,1753000,0.008530519
Costa Rica,1997,15,15,97.60033965,97.11443686,69.2,78.33333333,16.1875,3.59375,21.9375,25.83125,30.4,100.6,15249,1798000,0.00848109
Costa Rica,1999,15,15,97.60991047,97.16980797,71.5,80,15.8625,3.73125,22.1125,25.94375,31.6,102.1,16041,1889000,0.008491795
Costa Rica,2000,15,15,97.61469588,97.19749352,71.99,80.11,15.7,3.8,22.2,26,30.9,96.7,16610,1932000,0.008597308
Cuba,1990,18,18,99.73444075,98.25888,68.17692308,70.76153846,26.35714286,6.185714286,20.35714286,24.27142857,34.6,98.7,41337,5259000,0.00786024
Cuba,1991,18,18,99.752871,98.34122667,68.56923077,71.01538462,26.08571429,6.128571429,20.41904762,24.35714286,34.8,98.78,36246,5301000,0.006837578
Cuba,1993,18,18,99.78973149,98.50592,69.35384615,71.52307692,25.54285714,6.014285714,20.54285714,24.52857143,35,98.94,26537,5371000,0.004940793
Cuba,1994,18,18,99.80816173,98.58826667,69.74615385,71.77692308,25.27142857,5.957142857,20.6047619,24.61428571,35.2,99.02,24650,5401000,0.00456397
Cuba,1995,18,18,99.82659197,98.67061333,70.13846154,72.03076923,25,5.9,20.66666667,24.7,35.5,99.1,22668,5429000,0.004175355
Cuba,1996,18,18,99.84502222,98.75296,70.53076923,72.28461538,24.72857143,5.842857143,20.72857143,24.78571429,35.7,99.675,19351,5455000,0.003547388
Cuba,1997,18,18,99.86345246,98.83530667,70.92307692,72.53846154,24.45714286,5.785714286,20.79047619,24.87142857,35.9,100.25,19965,5480000,0.003643248
Cuba,1998,18,18,99.8818827,98.91765333,71.31538462,72.79230769,24.18571429,5.728571429,20.85238095,24.95714286,36.3,100.825,18840,5502000,0.003424209
Cuba,1999,18,18,99.90031295,99,71.70769231,73.04615385,23.91428571,5.671428571,20.91428571,25.04285714,36.6,101.4,19570,5523000,0.003543364
Cuba,2000,18,18,99.91874319,99,72.1,73.3,23.64285714,5.614285714,20.97619048,25.12857143,36.9,100,18745,5543000,0.003381743
Czech Republic,1991,18,18,99,99,53,78,7.3,1.5,21.9,25.2,46.9,106,20045,5316000,0.003770692
Czech Republic,1992,18,18,99,99,48.95,73.45,6.65,1.37,22.29,25.54,45.8,106,19719,5318000,0.003707973
Czech Republic,1993,18,18,99,99,44.9,68.9,6,1.24,22.68,25.88,44.4,105.9,19088,5319000,0.003588644
Czech Republic,1994,18,18,99,99,49.325,69.675,5.35,1.11,23.07,26.22,44.4,105.8,14341,5319000,0.002696183
Czech Republic,1995,18,18,99,99,53.75,70.45,4.7,0.98,23.46,26.56,44.2,105.7,10609,5315000,0.001996049
Czech Republic,1996,18,18,99,99,58.175,71.225,4.05,0.85,23.85,26.9,44,105.7,8139,5307000,0.001533635
Czech Republic,1997,18,18,99,99,62.6,72,3.4,0.72,24.24,27.24,44,105.6,6939,5297000,0.001309987
Czech Republic,1998,18,18,99,99,64.01851852,72.22222222,2.75,0.59,24.63,27.58,44.2,105.6,6035,5285000,0.001141911
Czech Republic,1999,18,18,99,99,65.43703704,72.44444444,2.1,0.46,25.02,27.92,44.3,105.5,5347,5273000,0.001014034
Czech Republic,2000,18,18,99,99,66.85555556,72.66666667,1.45,0.33,25.41,28.26,44.3,105.5,4468,5261000,8.49E-04
Denmark,1985,18,18,99,99,69.20769231,74.53846154,0.7,0.1,27.5,30.2,45.7,103,1866,2593000,7.20E-04
Denmark,1986,18,18,99,99,70.13846154,75.69230769,1.17,0.21,27.25,29.95,45.9,102.9,1800,2594000,6.94E-04
Denmark,1987,18,18,99,99,71.06923077,76.84615385,1.64,0.32,27,29.7,46.2,102.9,1727,2595000,6.66E-04
Denmark,1988,18,18,99,99,72,78,2.11,0.43,26.75,29.45,45.7,102.9,1605,2597000,6.18E-04
Denmark,1989,18,18,99,99,73,78.61111111,2.58,0.54,26.5,29.2,45.7,102.9,1656,2601000,6.37E-04
Denmark,1990,18,18,99,99,74,79.22222222,3.05,0.65,26.25,28.95,46.1,102.9,1647,2606000,6.32E-04
Denmark,1991,18,18,99,99,75,79.83333333,3.52,0.76,26,28.7,46.5,102.9,1617,2612000,6.19E-04
Denmark,1992,18,18,99,99,76,80.44444444,3.99,0.87,25.75,28.45,46.7,102.8,1706,2620000,6.51E-04
Denmark,1993,18,18,99,99,77,81.05555556,4.46,0.98,25.5,28.2,46.8,102.8,1549,2629000,5.89E-04
Denmark,1994,18,18,99,99,78,81.66666667,4.93,1.09,25.25,27.95,45.8,102.7,1521,2639000,5.76E-04
Denmark,1995,18,18,99,99,79,82.27777778,5.4,1.2,25,27.7,45.3,102.6,1388,2649000,5.24E-04
Egypt,1980,16,18,48.20463277,66.37667937,29.7,31.4,21.36,6.44,20.68,23.66,23.28571429,98.45,49417,22416000,0.002204541
Egypt,1984,16,18,58.28662144,69.71267656,28.7,30.3,20.92,9.08,20.76,23.62,23.05714286,98.65,47660,24521000,0.00194364
Egypt,1985,16,18,60.80711861,70.54667585,30.375,32.175,20.81,9.74,20.78,23.61,23,98.7,48651,25089000,0.001939137
Egypt,1986,16,18,63.32761578,71.38067515,32.05,34.05,20.7,10.4,20.8,23.6,24.1,95.3,45377,25678000,0.001767155
Egypt,1987,16,18,63.68800802,72.1416949,33.725,35.925,20.08,9.57,20.95,23.94,25.5,96.125,42706,26283000,0.001624853
Egypt,1988,16,18,64.04840026,72.90271465,35.4,37.8,19.46,8.74,21.1,24.28,27,96.95,43572,26889000,0.00162044
Egypt,1989,16,18,64.40879249,73.6637344,38.36666667,41.06666667,18.84,7.91,21.25,24.62,28.4,97.775,39357,27478000,0.001432309
Egypt,1990,16,18,64.76918473,74.42475415,41.33333333,44.33333333,18.22,7.08,21.4,24.96,26.4,98.6,35630,28035000,0.001270911
Egypt,1991,16,18,65.12957697,75.1857739,44.3,47.6,17.6,6.25,21.55,25.3,23.4,95.5,36902,28557000,0.001292223
Egypt,1992,16,18,65.48996921,75.94679366,44.8,47.1,16.98,5.42,21.7,25.64,22.8,95.3,34092,29047000,0.001173684
Egypt,1993,16,18,65.85036145,76.70781341,47.13333333,49.56666667,16.36,4.59,21.85,25.98,23.2,95.2,34563,29514000,0.001171071
Egypt,1994,16,18,66.21075368,77.46883316,49.46666667,52.03333333,15.74,3.76,22,26.32,23.6,95.1,37654,29974000,0.001256222
Egypt,1995,16,18,66.57114592,78.22985291,51.8,54.5,15.12,2.93,22.15,26.66,22.8,99,39110,30437000,0.001284949
Egypt,1996,16,18,66.93153816,78.99087266,51.03333333,53.56666667,14.5,2.1,22.3,27,22.2,95.4,41366,30905000,0.001338489
Egypt,1997,16,18,68.9316895,80.22289964,50.26666667,52.63333333,14.22,1.97,22.27,26.99,21.7,95.5,49767,31378000,0.001586048
Egypt,1998,16,18,70.93184083,81.45492663,49.5,51.7,13.94,1.84,22.24,26.98,21.1,95.5,55849,31860000,0.00175295
Egypt,1999,16,18,72.93199217,82.68695361,51.7,53.9,13.66,1.71,22.21,26.97,21.6,95.4,58512,32356000,0.001808382
El Salvador,1985,18,18,80.63470527,80.7748936,44.5,47.3,30,4.133333333,20,25.1,37.6,103.3,27815,2562000,0.010856753
El Salvador,1986,18,18,81.25069527,81.37065964,44.16666667,47.23333333,27.98571429,4.185714286,20.32857143,25.12857143,38.4,104.3,28617,2598000,0.011015012
El Salvador,1987,18,18,81.86668528,81.96642567,43.83333333,47.16666667,25.97142857,4.238095238,20.65714286,25.15714286,39.1,103.6,28815,2633000,0.01094379
El Salvador,1988,18,18,82.48267528,82.5621917,43.5,47.1,23.95714286,4.29047619,20.98571429,25.18571429,39.8,104.4,29756,2668000,0.011152924
El Salvador,1989,18,18,83.09866529,83.15795773,44.48,48.34,21.94285714,4.342857143,21.31428571,25.21428571,40.5,103.8,30169,2705000,0.01115305
El Salvador,1990,18,18,83.71465529,83.75372377,45.46,49.58,19.92857143,4.395238095,21.64285714,25.24285714,41.2,104.3,30198,2745000,0.011001093
El Salvador,1991,18,18,84.3306453,84.3494898,46.44,50.82,17.91428571,4.447619048,21.97142857,25.27142857,41.2,103.9,31041,2789000,0.011129796
El Salvador,1992,18,18,84.9466353,84.94525583,47.42,52.06,15.9,4.5,22.3,25.3,34.9,103.9,31117,2835000,0.010976014
El Salvador,1993,18,18,85.44907986,85.10932118,48.4,53.3,16.49,4.58,22.27,25.31333333,36,104.0333333,33424,2882000,0.011597502
El Salvador,1994,18,18,85.95152442,85.27338652,49.54,54.58,17.08,4.66,22.24,25.32666667,36.7,104.1666667,35634,2926000,0.012178401
El Salvador,1995,18,18,86.45396898,85.43745187,50.68,55.86,17.67,4.74,22.21,25.34,35.8,104.3,36164,2965000,0.012196965
El Salvador,1996,18,18,86.95641353,85.60151722,51.82,57.14,18.26,4.82,22.18,25.35333333,35.6,104.1,37645,2997000,0.012560894
El Salvador,1997,18,18,87.45885809,85.76558257,52.96,58.42,18.85,4.9,22.15,25.36666667,35.8,104,36765,3024000,0.012157738
El Salvador,1998,18,18,87.96130265,85.92964792,54.1,59.7,19.44,4.98,22.12,25.38,37.6,103.9,35156,3047000,0.011537906
El Salvador,1999,18,18,88.46374721,86.09371326,55.48,61.22,20.03,5.06,22.09,25.39333333,38,103.8,33226,3067000,0.010833388
El Salvador,2000,18,18,88.96619177,86.25777861,56.86,62.74,20.62,5.14,22.06,25.40666667,38.1,103.9,32009,3086000,0.010372327
Estonia,1987,18,18,99,99,51.83072103,65.73072103,9.3,2.62,21.02,23.52,49.9,114.4,2268,827000,0.002742443
Estonia,1988,18,18,99,99,52.48347517,66.38347517,9.35,2.61,21.06,23.51,49.9,114.2,2312,833000,0.00277551
Estonia,1989,18,18,99.90449915,99.83401601,53.13622931,67.03622931,9.4,2.6,21.1,23.5,49.9,113.9,2559,836000,0.003061005
Estonia,1990,18,18,99.89231759,99.82447864,53.78898345,67.68898345,8.990909091,2.463636364,21.40909091,23.79090909,49.8,113.7,2668,833000,0.003202881
Estonia,1991,18,18,99.88013603,99.81494127,54.44173758,68.34173758,8.581818182,2.327272727,21.71818182,24.08181818,49.6,113.8,2552,826000,0.003089588
Estonia,1992,18,18,99.86795447,99.8054039,55.09449172,68.99449172,8.172727273,2.190909091,22.02727273,24.37272727,49.3,114.4,2642,813000,0.003249692
Estonia,1993,18,18,99.85577291,99.79586653,55.74724586,69.64724586,7.763636364,2.054545455,22.33636364,24.66363636,49,115.1,2240,798000,0.002807018
Estonia,1994,18,18,99.84359135,99.78632916,56.4,70.3,7.354545455,1.918181818,22.64545455,24.95454545,48.7,115.5,1999,783000,0.002553001
Estonia,1995,18,18,99.83140979,99.77679178,57.05275414,70.95275414,6.945454545,1.781818182,22.95454545,25.24545455,48.3,115.8,1861,770000,0.002416883
Estonia,1996,18,18,99.81922823,99.76725441,57.70550828,71.60550828,6.536363636,1.645454545,23.26363636,25.53636364,48.5,116.3,1718,760000,0.002260526
Estonia,1997,18,18,99.80704667,99.75771704,58.35826242,72.25826242,6.127272727,1.509090909,23.57272727,25.82727273,48.7,116.6,1513,752000,0.002011968
Estonia,2000,18,18,99.77050199,99.72910493,60.31652483,74.21652483,4.9,1.1,24.5,26.7,48.7,116.8,1310,736000,0.001779891
Finland,1980,21,21,100,100,76.78461538,79.4,2.2,0.3,24.6,27.1,47.52857143,99,3528,2469000,0.001428919
Finland,1985,21,21,100,100,76.09230769,78.4,1.5,0.2,26.25,28.7,47.6,106.5,2374,2529000,9.39E-04
Finland,1986,21,21,100,100,75.95384615,78.2,1.36,0.18,26.58,29.02,47.3,106.5,2141,2538000,8.44E-04
Finland,1987,21,21,100,100,75.81538462,78,1.22,0.16,26.91,29.34,47.2,106.4,1924,2545000,7.56E-04
Finland,1988,21,21,100,100,75.67692308,77.8,1.08,0.14,27.24,29.66,47.4,106.4,1879,2552000,7.36E-04
Finland,1989,21,21,100,100,75.53846154,77.6,0.94,0.12,27.57,29.98,47.4,106.2,1746,2559000,6.82E-04
Finland,1990,21,21,100,100,75.4,77.4,0.8,0.1,27.9,30.3,47.3,106.1,1830,2567000,7.13E-04
Finland,1991,21,21,100,100,76.53157895,77.42105263,0.77,0.1,28.14,30.51,47.4,105.9,1835,2577000,7.12E-04
Finland,1992,21,21,100,100,77.66315789,77.44210526,0.74,0.1,28.38,30.72,47.4,105.8,1799,2589000,6.95E-04
Finland,1993,21,21,100,100,78.79473684,77.46315789,0.71,0.1,28.62,30.93,47.3,105.6,1655,2601000,6.36E-04
Finland,1994,21,21,100,100,79.92631579,77.48421053,0.68,0.1,28.86,31.14,47.2,105.5,1610,2612000,6.16E-04
Finland,1995,21,21,100,100,81.05789474,77.50526316,0.65,0.1,29.1,31.35,47.2,105.4,1567,2621000,5.98E-04
Finland,1996,21,21,100,100,82.18947368,77.52631579,0.62,0.1,29.34,31.56,47.3,105.3,1561,2629000,5.94E-04
Finland,1997,21,21,100,100,83.32105263,77.54736842,0.59,0.1,29.58,31.77,47.4,105.2,1445,2635000,5.48E-04
France,1978,21,21,99,99,47.6,78.7,4.06,0.48,23.58,25.94666667,40.36666667,99,41734,27414000,0.001522361
France,1985,21,21,99,99,60.9,80.45,2.1,0.2,24.7,26.6,41.8,105.1,24207,28517000,8.49E-04
France,1986,21,21,99,99,62.8,80.7,2,0.2,25.12857143,27.05,42.2,105.2,22736,28676000,7.93E-04
France,1987,21,21,99,99,64.7,80.95,1.9,0.2,25.55714286,27.5,42.5,105.3,21064,28835000,7.31E-04
France,1988,21,21,99,99,66.6,81.2,1.8,0.2,25.98571429,27.95,42.7,105.4,20011,28991000,6.90E-04
France,1989,21,21,99,99,67.05,80.08333333,1.7,0.2,26.41428571,28.4,43,105.4,19300,29141000,6.62E-04
France,1990,21,21,99,99,67.5,78.96666667,1.6,0.2,26.84285714,28.85,43.2,105.4,19008,29284000,6.49E-04
France,1991,21,21,99,99,67.95,77.85,1.5,0.2,27.27142857,29.3,43.6,105.4,18500,29420000,6.29E-04
France,1992,21,21,99,99,68.4,76.73333333,1.4,0.2,27.7,29.75,43.9,105.5,16846,29549000,5.70E-04
France,1993,21,21,99,99,68.85,75.61666667,1.3,0.2,28.12857143,30.2,44.3,105.6,15163,29674000,5.11E-04
France,1994,21,21,99,99,69.3,74.5,1.2,0.2,28.55714286,30.65,44.5,105.6,13426,29793000,4.51E-04
France,1995,21,21,99,99,70.5,75.71666667,1.1,0.2,28.98571429,31.1,44.8,105.7,12915,29908000,4.32E-04
France,1996,21,21,99,99,71.7,76.93333333,1,0.2,29.41428571,31.55,44.8,105.8,13141,30017000,4.38E-04
France,1997,21,21,99,99,72.9,78.15,0.9,0.2,29.84285714,32,44.8,105.4,13229,30123000,4.39E-04
France,1998,21,21,99,99,74.1,79.36666667,0.8,0.2,30.27142857,32.45,45.1,105.9,13563,30236000,4.49E-04
France,1999,21,21,99,99,75.3,80.58333333,0.7,0.2,30.7,32.9,45.2,105.9,14679,30374000,4.83E-04
France,2000,21,21,99,99,76.5,81.8,0.733333333,0.2,30.75,32.91666667,45.4,105.5,15695,30546000,5.14E-04
Georgia,1994,18,18,98.664725,98.68537083,11.64,32.34,16.55,3.038461538,22.45,26.83076923,50.8,110.48,12597,2706000,0.004655211
Georgia,1995,18,18,98.73178,98.74829667,13,33.7,16.38,2.946153846,22.46,26.97692308,50.3,110.5,11893,2661000,0.004469372
Georgia,1996,18,18,98.798835,98.8112225,14.36,35.06,16.21,2.853846154,22.47,27.12307692,49.6,110.58,10599,2622000,0.004042334
Georgia,1997,18,18,98.86589,98.87414833,15.72,36.42,16.04,2.761538462,22.48,27.26923077,48.9,110.66,9556,2588000,0.003692427
Georgia,1999,18,18,99,99,18.44,39.14,15.7,2.576923077,22.5,27.56153846,47.1,110.82,6923,2528000,0.002738528
Georgia,2000,18,18,99,99,19.8,40.5,14.63333333,2.484615385,22.9,27.70769231,46.2,110.9,5882,2499000,0.002353741
Germany,1991,18,18,99,99,64.94724586,69.44724586,2.025,0.275,26.45,29.25,42.1,106.9,27926,41902000,6.66E-04
Germany,1992,18,18,99,99,65.6,70.1,1.85,0.25,26.8,29.6,42.1,106.3,25388,42129000,6.03E-04
Germany,1993,18,18,99,99,66.25275414,70.75275414,1.675,0.225,27.15,29.95,42.2,105.8,22603,42363000,5.34E-04
Germany,1994,18,18,99,99,66.90550828,71.40550828,1.5,0.2,27.5,30.3,42.3,105.7,20663,42568000,4.85E-04
Germany,1995,18,18,99,99,67.55826242,72.05826242,1.457142857,0.185714286,27.67142857,30.5,42.5,105.5,19984,42719000,4.68E-04
Germany,1996,18,18,99,99,68.21101655,72.71101655,1.414285714,0.171428571,27.84285714,30.7,42.6,105.3,20860,42801000,4.87E-04
Germany,1997,18,18,99,99,68.86377069,73.36377069,1.371428571,0.157142857,28.01428571,30.9,42.9,105.2,21189,42824000,4.95E-04
Greece,1981,18,18,98.88444595,99.04806398,30.01111111,77.31111111,13.8,1,22.5,27.6,33.22380952,99,17374,4951000,0.00350919
Greece,1983,18,18,98.9043543,99.03613634,31.6,77.2,12.14,0.92,22.9,27.96,33.86190476,99,16194,5008000,0.003233626
Greece,1985,18,18,98.92426265,99.02420869,31.85,75.2125,10.48,0.84,23.3,28.32,34.5,103.3,13484,5047000,0.002671686
Greece,1990,18,18,98.97403353,98.99438958,32.475,70.24375,6.33,0.64,24.3,29.22,36.1,102.9,7366,5154000,0.001429181
Greece,1991,18,18,98.9839877,98.98842576,32.6,69.25,5.5,0.6,24.5,29.4,35,103,6759,5196000,0.001300808
Greece,1992,18,18,98.98470453,98.97902904,32.725,68.25625,5.31,0.62,24.74,29.59,35.8,102.6,6488,5247000,0.001236516
Greece,1993,18,18,98.98542136,98.96963233,32.85,67.2625,5.12,0.64,24.98,29.78,36.1,102.4,5685,5302000,0.001072237
Greece,1994,18,18,98.98613818,98.96023561,32.975,66.26875,4.93,0.66,25.22,29.97,36.2,102.2,5320,5356000,9.93E-04
Greece,1995,18,18,98.98685501,98.95083889,33.1,65.275,4.74,0.68,25.46,30.16,36.6,102.5,4814,5405000,8.91E-04
Greece,1996,18,18,98.98757184,98.94144217,33.225,64.28125,4.55,0.7,25.7,30.35,37.4,101.9,4502,5448000,8.26E-04
Greece,1997,18,18,98.98828867,98.93204546,33.35,63.2875,4.36,0.72,25.94,30.54,37.7,101.9,4384,5486000,7.99E-04
Greece,1998,18,18,98.9890055,98.92264874,33.475,62.29375,4.17,0.74,26.18,30.73,38.6,101.9,4183,5518000,7.58E-04
Greece,2000,18,18,98.99043915,98.90385531,39.75,68.75,3.79,0.78,26.66,31.11,39.2,102.4,3101,5564000,5.57E-04
Guatemala,1983,18,18,61.12455294,76.79449682,20.6,25,27.23846154,7.730769231,20.62307692,23.6,22.53809524,97.31,51454,3733000,0.013783552
Guatemala,1985,18,18,62.86945416,77.69023562,19.85,24.1,26.57692308,7.961538462,20.74615385,23.6,23.3,98,52041,3920000,0.013275765
Guatemala,1986,18,18,63.74190476,78.13810501,19.475,23.65,26.24615385,8.076923077,20.80769231,23.6,23.2,97.7,50842,4014000,0.012666168
Guatemala,1987,18,18,64.61435537,78.58597441,19.1,23.2,25.91538462,8.192307692,20.86923077,23.6,23.2,97.7,50877,4107000,0.012387874
Guatemala,1988,18,18,65.48680598,79.03384381,20.075,24.225,25.58461538,8.307692308,20.93076923,23.6,23.5,97.8,54355,4203000,0.012932429
Guatemala,1989,18,18,66.35925659,79.48171321,21.05,25.25,25.25384615,8.423076923,20.99230769,23.6,23.9,97.8,56546,4303000,0.013141064
Guatemala,1990,18,18,67.2317072,79.92958261,22.025,26.275,24.92307692,8.538461538,21.05384615,23.6,24.7,98.4,58409,4408000,0.013250681
Guatemala,1991,18,18,68.10415781,80.37745201,23,27.3,24.59230769,8.653846154,21.11538462,23.6,25.6,97.9,60399,4521000,0.013359655
Guatemala,1992,18,18,68.97660842,80.82532141,23.975,28.325,24.26153846,8.769230769,21.17692308,23.6,26.5,97.9,61500,4640000,0.01325431
Guatemala,1993,18,18,69.84905903,81.27319081,24.95,29.35,23.93076923,8.884615385,21.23846154,23.6,27.6,98,64188,4764000,0.013473552
Guatemala,1994,18,18,70.72150964,81.72106021,25.925,30.375,23.6,9,21.3,23.6,28.6,98,67355,4891000,0.013771212
Guatemala,1995,18,18,72.15885373,82.30327527,26.9,31.4,24.08,9.104761905,21.12,23.5952381,28.9,101.1,67782,5020000,0.01350239
Guatemala,1996,18,18,73.59619781,82.88549033,27.9,33.1,24.56,9.20952381,20.94,23.59047619,29.2,98.1,70722,5151000,0.013729761
Guatemala,1997,18,18,75.0335419,83.46770539,28.9,34.8,25.04,9.314285714,20.76,23.58571429,29.5,98.2,72133,5283000,0.013653795
Guatemala,1998,18,18,76.47088599,84.04992045,29.9,36.5,25.52,9.419047619,20.58,23.58095238,29.8,98.2,92427,5418000,0.017059247
Guatemala,1999,18,18,77.90823007,84.63213551,30.9,38.2,26,9.523809524,20.4,23.57619048,30,98.3,67775,5557000,0.012196329
Guinea,1996,17,18,27.71638722,44.12004993,2.6,3.95,49.15,1,18.55,28.4,47.3,104.6,54889,4077000,0.013463057
Hungary,1980,18,18,99.31812361,99.42166393,55.56666667,73.1,16.1,2.2,21,24.8,43.1952381,99,21522,5542000,0.003883436
Hungary,1985,18,18,99.25699732,99.31131967,61.17777778,73.1,12.5,1.95,21.6,25.25,43.6,107.2,17934,5472000,0.003277412
Hungary,1986,18,18,99.24477206,99.28925082,62.3,73.1,11.78,1.9,21.72,25.34,43.7,107.1,17348,5453000,0.003181368
Hungary,1987,18,18,99.23254681,99.26718196,63.58571429,74.17142857,11.06,1.85,21.84,25.43,43.9,107.2,16954,5434000,0.003119985
Hungary,1988,18,18,99.22032155,99.24511311,64.87142857,75.24285714,10.34,1.8,21.96,25.52,44.1,107.3,15993,5418000,0.002951827
Hungary,1989,18,18,99.20809629,99.22304426,66.15714286,76.31428571,9.62,1.75,22.08,25.61,44.3,107.4,15106,5405000,0.00279482
Hungary,1990,18,18,99.19587103,99.20097541,67.44285714,77.38571429,8.9,1.7,22.2,25.7,44.5,108.2,15424,5397000,0.002857884
Hungary,1991,18,18,99.18364577,99.17890656,68.72857143,78.45714286,8.563636364,1.672727273,22.43636364,25.89090909,44.8,108.3,15608,5394000,0.002893585
Hungary,1992,18,18,99.17142052,99.1568377,70.01428571,79.52857143,8.227272727,1.645454545,22.67272727,26.08181818,45.4,108.5,15123,5396000,0.002802632
Hungary,1993,18,18,99.15919526,99.13476885,71.3,80.6,7.890909091,1.618181818,22.90909091,26.27272727,45.2,108.7,14743,5401000,0.00272968
Hungary,1994,18,18,99.14697,99.1127,72.82285714,81.24571429,7.554545455,1.590909091,23.14545455,26.46363636,44.8,108.8,14443,5405000,0.002672155
Hungary,1995,18,18,99.141854,99.092632,74.34571429,81.89142857,7.218181818,1.563636364,23.38181818,26.65454545,43.4,109,12915,5406000,0.002389012
Hungary,1996,18,18,99.136738,99.072564,75.86857143,82.53714286,6.881818182,1.536363636,23.61818182,26.84545455,43.4,109.2,11538,5401000,0.002136271
Hungary,1997,18,18,99.131622,99.052496,77.39142857,83.18285714,6.545454545,1.509090909,23.85454545,27.03636364,43.3,109.3,10251,5393000,0.001900797
Hungary,1998,18,18,99.126506,99.032428,78.91428571,83.82857143,6.209090909,1.481818182,24.09090909,27.22727273,44.2,109.4,9175,5383000,0.00170444
Hungary,1999,18,18,99.12139,99.01236,80.43714286,84.47428571,5.872727273,1.454545455,24.32727273,27.41818182,44.3,109.5,7979,5371000,0.001485571
Hungary,2000,18,18,99.116274,98.992292,81.96,85.12,5.536363636,1.427272727,24.56363636,27.60909091,44.5,109.7,7718,5359000,0.001440194
Iran,1986,15,15,51.57593487,73.16672453,24.53,43.26923077,34.2,6.8,20.2,23.8,19.2,95.6,377244,24114000,0.015644184
Iran,1996,15,15,66.1,79.9,56.1,73.7,17.9,2.6,22.1,25.3,26,96.8,190926,30212000,0.006319551
Israel,1983,17,17,98.56286179,99.05456549,48.63622931,64.73622931,6.8,1.1,23.5,26.1,37.43333333,99,5047,1977000,0.002552858
Israel,1985,17,17,98.30925591,99.00174973,49.94173758,66.04173758,6.45,1.016666667,23.68333333,26.35,38.3,100.4,4587,2042000,0.002246327
Israel,1986,17,17,98.18245296,98.97534185,50.59449172,66.69449172,6.275,0.975,23.775,26.475,38.6,100.4,4049,2075000,0.001951325
Israel,1987,17,17,98.05565002,98.94893397,51.24724586,67.34724586,6.1,0.933333333,23.86666667,26.6,39,100.5,4090,2108000,0.001940228
Israel,1988,17,17,97.92884708,98.92252609,51.9,68,5.925,0.891666667,23.95833333,26.725,39.5,100.5,4227,2146000,0.001969711
Israel,1989,17,17,97.80204414,98.89611821,52.55275414,68.65275414,5.75,0.85,24.05,26.85,40.3,100.5,4198,2193000,0.001914273
Israel,1990,17,17,97.67524119,98.86971033,53.20550828,69.30550828,5.575,0.808333333,24.14166667,26.975,40.6,100.8,4229,2254000,0.00187622
Israel,1991,17,17,97.54843825,98.84330245,53.85826242,69.95826242,5.4,0.766666667,24.23333333,27.1,41.2,101.15,4577,2329000,0.001965221
Israel,1992,17,17,97.42163531,98.81689457,54.51101655,70.61101655,5.225,0.725,24.325,27.225,42,101.5,4640,2418000,0.001918941
Israel,1993,17,17,97.29483237,98.79048669,55.16377069,71.26377069,5.05,0.683333333,24.41666667,27.35,42.3,101.6,4542,2514000,0.001806683
Israel,1994,17,17,97.16802942,98.7640788,55.81652483,71.91652483,4.875,0.641666667,24.50833333,27.475,43.1,101.8,4484,2609000,0.001718666
Israel,1995,17,17,97.04122648,98.73767092,56.46927897,72.56927897,4.7,0.6,24.6,27.6,43.6,102.7,4446,2698000,0.001647887
Italy,1979,18,18,99,99,32.7,78,4.96,0.7,23.08,27.12,33.45714286,99,113,28855000,3.92E-06
Italy,1981,18,18,99.58748943,99.69758766,33.62941176,76.2,4.6,0.7,23.2,27.1,33.97142857,99,40715,29029000,0.001402563
Italy,1985,18,18,99.63241785,99.71896348,35.48823529,72.6,4,0.78,24.36,27.98,35,105.8,27299,29201000,9.35E-04
Italy,1988,18,18,99.66611416,99.73499535,36.88235294,69.9,3.55,0.84,25.23,28.64,36.6,105.9,21291,29240000,7.28E-04
Italy,1989,18,18,99.67734626,99.74033931,37.34705882,69,3.4,0.86,25.52,28.86,37,105.9,19853,29248000,6.79E-04
Italy,1990,18,18,99.68857837,99.74568326,37.81176471,68.1,3.25,0.88,25.81,29.08,37.1,106,18382,29261000,6.28E-04
Italy,1991,18,18,99.69981047,99.75102722,38.27647059,67.2,3.1,0.9,26.1,29.3,37.2,106,17093,29281000,5.84E-04
Italy,1993,18,18,99.72227468,99.76171513,39.20588235,65.4,2.66,0.74,26.66,29.84,36,106.1,15101,29340000,5.15E-04
Italy,1995,18,18,99.74473889,99.77240304,40.13529412,63.6,2.22,0.58,27.22,30.38,36.6,106.1,11995,29373000,4.08E-04
Italy,1996,18,18,99.75597099,99.777747,40.6,62.7,2,0.5,27.5,30.65,37,106.3,11153,29367000,3.80E-04
Italy,1999,18,18,99.7896673,99.79377887,41.99411765,60,1.34,0.26,28.34,31.46,38,106.5,10563,29353000,3.60E-04
Italy,2000,18,18,99.80089941,99.79912282,42.45882353,59.1,1.12,0.18,28.62,31.73,38.3,106.1,10718,29406000,3.64E-04
Jamaica,1987,18,18,96.95513686,81.73037214,50.06666667,53.53333333,0.655555556,0.311111111,32.75555556,34.24444444,46.5,102.8,13015,1179000,0.011039016
Jamaica,1988,18,18,96.90016907,82.19545705,50.48333333,54.06666667,0.666666667,0.333333333,32.86666667,34.33333333,46.6,103.2,12930,1187000,0.010893008
Jamaica,1989,18,18,96.84520129,82.66054196,50.9,54.6,0.677777778,0.355555556,32.97777778,34.42222222,46.7,103.6,13203,1195000,0.011048536
Jamaica,1995,18,18,96.51539457,85.45105143,60.45,63.95,0.62,0.32,33.2,34.68,47,102.9,11915,1249000,0.009539632
Jamaica,1996,18,18,96.46042679,85.91613634,61.525,64.925,0.6,0.3,33.2,34.7,46.6,100.275,11160,1259000,0.008864178
Jamaica,2000,18,18,96.24055564,87.77647598,64.4,67.45,0.52,0.22,33.2,34.78,44.9,102.7,10000,1304000,0.007668712
Japan,1979,20,20,99,99,62.2,62.2,1.38,0.46,25.36,28.76,39.27142857,99,13665,58456000,2.34E-04
Japan,1984,20,20,99,99,57.3,57.3,0.98,0.326666667,25.72666667,29.46,39.62857143,99,19198,60690000,3.16E-04
Japan,1985,20,20,99,99,60,60.05,0.9,0.3,25.8,29.6,39.7,103.5,17877,61044000,2.93E-04
Japan,1986,20,20,99,99,62.7,62.8,0.88,0.3,25.99,29.71,39.9,103.5,17707,61351000,2.89E-04
Japan,1987,20,20,99,99,56.6,64.5,0.86,0.3,26.18,29.82,40,103.5,17558,61615000,2.85E-04
Japan,1988,20,20,99,99,51.7,56.3,0.84,0.3,26.37,29.93,40.1,103.5,17334,61850000,2.80E-04
Japan,1989,20,20,99,99,52.1,57.1,0.82,0.3,26.56,30.04,40.5,103.6,17198,62076000,2.77E-04
Japan,1990,20,20,99,99,52.5,57.9,0.8,0.3,26.75,30.15,40.6,103.7,17496,62306000,2.81E-04
Japan,1991,20,20,99,99,54.75,60.95,0.78,0.3,26.94,30.26,40.8,103.7,18443,62547000,2.95E-04
Japan,1992,20,20,99,99,57,64,0.76,0.3,27.13,30.37,40.7,103.7,18394,62794000,2.93E-04
Japan,1993,20,20,99,99,54.9,61.3,0.74,0.3,27.32,30.48,40.5,103.7,17452,63039000,2.77E-04
Japan,1994,20,20,99,99,52.8,58.6,0.72,0.3,27.51,30.59,40.5,103.9,17095,63269000,2.70E-04
Japan,1995,20,20,99,99,51.7,57.6,0.7,0.3,27.7,30.7,40.5,103.9,16112,63473000,2.54E-04
Japan,1996,20,20,99,99,50.6,56.6,0.71,0.31,27.87,30.74,40.5,104.1,15621,63648000,2.45E-04
Japan,1997,20,20,99,99,50.7,60.4,0.72,0.32,28.04,30.78,40.6,104.2,16634,63799000,2.61E-04
Japan,1998,20,20,99,99,48,54.1,0.73,0.33,28.21,30.82,40.7,104.3,17501,63937000,2.74E-04
Japan,1999,20,20,99,99,48.15,55,0.74,0.34,28.38,30.86,40.6,104.4,18253,64075000,2.85E-04
Japan,2000,20,20,99,99,48.3,55.9,0.75,0.35,28.55,30.9,40.6,104.3,19772,64224000,3.08E-04
Jordan,1979,18,18,84.83279338,95.79214461,19.43571429,28.37142857,20.5,1.4,21.5,25.9,17.27142857,90.56,8227,1057000,0.007783349
Kazakhstan,1988,18,18,99,99,44.44545455,64.44545455,9.07,1.55,22.33,24.55,46.6,106.6,29977,8254000,0.003631815
Kazakhstan,1989,18,18,99.72571804,99.69771191,44.68181818,63.68181818,8.9,1.5,22.4,24.6,46.5,106.4,33215,8316000,0.003994108
Kazakhstan,1990,18,18,99.74061647,99.70954324,44.91818182,62.91818182,9.65,1.49,22.23333333,24.75,46.4,106.5,36493,8342000,0.00437461
Kazakhstan,1991,18,18,99.75551489,99.72137456,45.15454545,62.15454545,10.4,1.48,22.06666667,24.9,46.5,106,38706,8332000,0.004645463
Kazakhstan,1992,18,18,99.77041332,99.73320588,45.39090909,61.39090909,11.15,1.47,21.9,25.05,46.6,105.9,37802,8289000,0.004560502
Kazakhstan,1993,18,18,99.78531174,99.74503721,45.62727273,60.62727273,11.9,1.46,21.73333333,25.2,46.8,105.7,38694,8219000,0.004707872
Kazakhstan,1994,18,18,99.80021017,99.75686854,45.86363636,59.86363636,12.65,1.45,21.56666667,25.35,47,106.3,39981,8132000,0.004916503
Kazakhstan,1995,18,18,99.8151086,99.76869986,46.1,59.1,13.4,1.44,21.4,25.5,47.3,106.9,36096,8036000,0.004491787
Kazakhstan,1996,18,18,99.83000702,99.78053119,47.75,60.85,11.9,1.43,21.9,25.65,47.6,105.7,32014,7930000,0.004037074
Kazakhstan,1997,18,18,99.84490545,99.79236251,49.4,62.6,10.4,1.42,22.4,25.8,48,107.4,27791,7819000,0.003554291
Kazakhstan,1998,18,18,99.85980387,99.80419383,51.05,64.35,8.9,1.41,22.9,25.95,48.4,107.5,25621,7714000,0.003321364
Kazakhstan,1999,18,18,99.8747023,99.81602516,52.7,66.1,7.4,1.4,23.4,26.1,48.7,107.6,22882,7632000,0.002998166
Kazakhstan,2000,18,18,99.87068331,99.81481362,52.12857143,63.9,7.11,1.35,23.57,26.3,49,108.5,21619,7585000,0.002850231
Korea Rep,1990,16,18,87.21271316,99.2,69.7,78.63333333,0.85,0.15,25.4,28.55,39.3,98.8,8764,21449000,4.09E-04
Korea Rep,1991,16,18,87.88572826,99.2,69.5,79.4,0.84,0.16,25.54,28.7,39.1,98.8,8695,21644000,4.02E-04
Korea Rep,1992,16,18,88.55874336,99.2,68.6,78.73333333,0.83,0.17,25.68,28.85,39,98.7,9087,21824000,4.16E-04
Korea Rep,1993,16,18,89.23175845,99.2,67.7,78.06666667,0.82,0.18,25.82,29,39,98.7,8608,21992000,3.91E-04
Korea Rep,1996,16,18,91.53923879,99.2,68.6,79.46666667,0.78,0.22,26.3,29.5,39.8,98.6,6425,22427000,2.86E-04
Korea Rep,1997,16,18,92.38269899,99.2,69.5,80.5,0.76,0.24,26.5,29.7,40.3,98.5,11966,22553000,5.31E-04
Korea Rep,1998,16,18,93.22615919,99.2,69.1,80.1,0.74,0.26,26.7,29.9,39.3,98.7,11232,22673000,4.95E-04
Korea Rep,1999,16,18,94.06961939,99.2,68.7,79.7,0.72,0.28,26.9,30.1,39.7,98.7,10210,22792000,4.48E-04
Korea Rep,2000,16,18,94.9130796,99.2,68.3,79.3,0.7,0.3,27.1,30.3,40.3,99.5,9218,22913000,4.02E-04
Kuwait,1980,15,17,76.03035664,81.28816187,36.58571429,34.35714286,22.3,2.766666667,21.8,26.36666667,16.88571429,78.675,4408,584000,0.007547945
Kuwait,1985,15,17,87.45606028,90.69232672,37.3,39,14.6,2.5,22.9,26.3,18.6,76.1,3571,746000,0.004786863
Kuwait,1986,15,17,87.72893478,91.00308255,34.5,36.8,14.15,2.33,23.31,26.52,19.8,74.2,3319,801000,0.004143571
Kuwait,1987,15,17,88.00180928,91.31383839,31.7,34.6,13.7,2.16,23.72,26.74,20.9,73.7,2988,864000,0.003458333
Kuwait,1991,15,17,89.09330727,92.55686172,40.67142857,43.28571429,11.9,1.48,25.36,27.62,23,76.7,831,924000,8.99E-04
Kuwait,1992,15,17,89.36618177,92.86761756,42.91428571,45.45714286,11.45,1.31,25.77,27.84,21.3,77.4,1415,853000,0.001658851
Kuwait,1993,15,17,89.63905627,93.17837339,45.15714286,47.62857143,11,1.14,26.18,28.06,19.6,77.5,1960,768000,0.002552083
Kuwait,1994,15,17,89.91193077,93.48912923,47.4,49.8,10.55,0.97,26.59,28.28,19.6,63,1844,693000,0.002660895
Kuwait,1995,15,17,90.18480527,93.79988506,44.15,50,10.1,0.8,27,28.5,20.3,66.3,1808,648000,0.002790123
Kuwait,1996,15,17,91.13966116,94.38899357,40.9,50.2,9.59,0.78,27.05,28.54,20.7,65.8,1797,638000,0.002816614
Kuwait,1998,15,17,93.04937294,95.56721059,39.83333333,51.4,8.57,0.74,27.15,28.62,21.5,65.2,1281,699000,0.001832618
Kuwait,1999,15,17,94.00422883,96.1563191,39.3,52,8.06,0.72,27.2,28.66,21.9,64.8,1301,744000,0.001748656
Kuwait,2000,15,17,94.95908472,96.74542761,39.44285714,52.92857143,7.55,0.7,27.25,28.7,22.3,64.5,1271,783000,0.001623244
Kyrgyzstan,1990,18,18,98.63095952,98.67478716,51.54444444,68.6,11.2375,1.11,21.45,24.1,46.2,104.5,9798,2245000,0.004364365
Kyrgyzstan,1991,18,18,98.69246627,98.7289893,51.16666667,67.3,11.575,1.12,21.3,24.2,46,104.1,10984,2266000,0.004847308
Kyrgyzstan,1992,18,18,98.75397302,98.78319144,50.78888889,66,11.9125,1.13,21.15,24.3,45.9,103.9,11953,2281000,0.005240246
Kyrgyzstan,1993,18,18,98.81547976,98.83739358,50.41111111,64.7,12.25,1.14,21,24.4,45.8,103.8,12669,2294000,0.005522668
Kyrgyzstan,1994,18,18,98.87698651,98.89159572,50.03333333,63.4,12.5875,1.15,20.85,24.5,45.6,103.6,11927,2310000,0.005163203
Kyrgyzstan,1995,18,18,98.93849325,98.94579786,49.65555556,62.1,12.925,1.16,20.7,24.6,45.5,103.2,12406,2333000,0.005317617
Kyrgyzstan,1996,18,18,99,99,49.27777778,60.8,13.2625,1.17,20.55,24.7,45.4,103.1,12191,2365000,0.005154757
Kyrgyzstan,1997,18,18,99,99,48.9,59.5,13.6,1.18,20.4,24.8,45.3,103,10554,2404000,0.004390183
Kyrgyzstan,1998,18,18,99,99,48.52222222,58.2,12.55,1.19,21.15,24.9,45.1,102.8,10323,2446000,0.00422036
Kyrgyzstan,1999,18,18,99.69562703,99.65077518,48.14444444,56.9,11.5,1.2,21.9,25,44.9,102.7,9664,2483000,0.003892066
Kyrgyzstan,2000,18,18,99.7060231,99.65616045,47.76666667,55.6,11.16,1.18,22.03,25.13,44.7,102.9,8727,2511000,0.003475508
Lao PDR,1997,18,18,70.45302949,87.38665498,22.98571429,24.88,22.54,6.32,20.92,24.06,40.9,101.8,27897,2554000,0.010922746
Latvia,1988,18,18,99,99,50.93072103,63.23072103,8.5,2.76,22.17,24.34,49.9,115.5,3939,1421000,0.002771992
Latvia,1989,18,18,99.82091651,99.7500512,51.58347517,63.88347517,8.5,2.8,22.2,24.3,49.8,115.2,3991,1427000,0.002796776
Latvia,1990,18,18,99.81449359,99.74715398,52.23622931,64.53622931,7.854545455,2.572727273,22.60909091,24.69090909,49.7,115,4436,1426000,0.003110799
Latvia,1991,18,18,99.80807067,99.74425677,52.88898345,65.18898345,7.209090909,2.345454545,23.01818182,25.08181818,49.4,115.1,4406,1416000,0.003111582
Latvia,1992,18,18,99.80164775,99.74135955,53.54173758,65.84173758,6.563636364,2.118181818,23.42727273,25.47272727,49,115.4,4059,1400000,0.002899286
Latvia,1993,18,18,99.79522483,99.73846233,54.19449172,66.49449172,5.918181818,1.890909091,23.83636364,25.86363636,48.7,115.9,3623,1380000,0.002625362
Latvia,1994,18,18,99.78880191,99.73556512,54.84724586,67.14724586,5.272727273,1.663636364,24.24545455,26.25454545,48.4,116.4,2770,1359000,0.002038263
Latvia,1995,18,18,99.782379,99.7326679,55.5,67.8,4.627272727,1.436363636,24.65454545,26.64545455,48,116.7,2416,1341000,0.001801641
Latvia,1996,18,18,99.77595608,99.72977069,56.15275414,68.45275414,3.981818182,1.209090909,25.06363636,27.03636364,47.6,116.9,2080,1326000,0.001568627
Latvia,1997,18,18,99.76953316,99.72687347,56.80550828,69.10550828,3.336363636,0.981818182,25.47272727,27.42727273,48.5,117,1748,1314000,0.001330289
Latvia,1998,18,18,99.76311024,99.72397625,57.45826242,69.75826242,2.690909091,0.754545455,25.88181818,27.81818182,47.6,117,1576,1303000,0.001209517
Latvia,1999,18,18,99.75668732,99.72107904,58.11101655,70.41101655,2.045454545,0.527272727,26.29090909,28.20909091,47.6,117.1,1629,1292000,0.001260836
Latvia,2000,18,18,99.7502644,99.71818182,58.76377069,71.06377069,1.4,0.3,26.7,28.6,48.9,117.4,1606,1280000,0.001254688
Lithuania,1988,18,18,99,99,28.63072103,46.13072103,6.890909091,2.3,21.99090909,24.38181818,48.4,111.5,4451,1929000,0.002307413
Lithuania,1989,18,18,99.70846556,99.64117771,29.28347517,46.78347517,6.6,2.2,22.3,24.7,48.2,111.3,4966,1941000,0.002558475
Lithuania,1990,18,18,99.70789897,99.64293131,29.93622931,47.43622931,6.25,2.058333333,22.50833333,24.88333333,48,111.4,5560,1948000,0.002854209
Lithuania,1991,18,18,99.70733238,99.64468492,30.58898345,48.08898345,5.9,1.916666667,22.71666667,25.06666667,47.9,111.4,6276,1949000,0.003220113
Lithuania,1992,18,18,99.70676578,99.64643852,31.24173758,48.74173758,5.55,1.775,22.925,25.25,47.8,111.5,6278,1945000,0.003227763
Lithuania,1993,18,18,99.70619919,99.64819213,31.89449172,49.39449172,5.2,1.633333333,23.13333333,25.43333333,47.7,111.7,5568,1938000,0.002873065
Lithuania,1994,18,18,99.7056326,99.64994573,32.54724586,50.04724586,4.85,1.491666667,23.34166667,25.61666667,47.6,112,5275,1928000,0.002735996
Lithuania,1995,18,18,99.705066,99.65169933,33.2,50.7,4.5,1.35,23.55,25.8,47.6,112.2,5114,1919000,0.00266493
Lithuania,1996,18,18,99.70449941,99.65345294,33.85275414,51.35275414,4.15,1.208333333,23.75833333,25.98333333,47.6,112.6,4693,1909000,0.002458355
Lithuania,1997,18,18,99.70393282,99.65520654,34.50550828,52.00550828,3.8,1.066666667,23.96666667,26.16666667,47.6,113,4142,1899000,0.002181148
Lithuania,1998,18,18,99.70336623,99.65696015,35.15826242,52.65826242,3.45,0.925,24.175,26.35,48.2,113.2,3747,1888000,0.00198464
Lithuania,1999,18,18,99.70279964,99.65871375,35.81101655,53.31101655,3.1,0.783333333,24.38333333,26.53333333,48.4,113.5,3362,1876000,0.001792111
Lithuania,2000,18,18,99.70223304,99.66046736,36.46377069,53.96377069,2.75,0.641666667,24.59166667,26.71666667,48.7,113.7,3182,1861000,0.001709833
Maldives,1996,12,12,98.2729399,98.03438683,27.75,37.125,43.24545455,5.8,19.26363636,24.21818182,27,96.6,677,123000,0.005504065
Maldives,1999,12,12,98.1958273,98.03438683,33,42,32.28181818,4.3,20.35454545,24.87272727,31.4,96.8,589,131000,0.004496183
Maldives,2000,12,12,98.1701231,98.03438683,33.2,41.4,28.62727273,3.8,20.71818182,25.09090909,33.3,94.8,518,134000,0.003865672
Mali,1987,15,18,18.83065926,29.4584038,1.3,4.7,44.1,1.2,18.9,28.1,46.5,104.7,58366,3842000,0.015191567
Malta,1985,18,18,98.21375099,97.4337623,35.09090909,86.23636364,3.1,0.4,22.2,26.2,22,103.4,139,180000,7.72E-04
Malta,1986,18,18,98.17302873,97.12689262,36.45454545,86.18181818,3.06,0.43,22.17,26.22,22.6,102.9,147,182000,8.08E-04
Malta,1987,18,18,98.13230647,96.82002294,37.81818182,86.12727273,3.02,0.46,22.14,26.24,22.6,103.4,141,184000,7.66E-04
Malta,1988,18,18,98.0915842,96.51315326,39.18181818,86.07272727,2.98,0.49,22.11,26.26,23.2,103.4,138,186000,7.42E-04
Malta,1989,18,18,98.05086194,96.20628358,40.54545455,86.01818182,2.94,0.52,22.08,26.28,23,103.4,148,188000,7.87E-04
Malta,1990,18,18,98.01013968,95.8994139,41.90909091,85.96363636,2.9,0.55,22.05,26.3,23.6,102.6,144,190000,7.58E-04
Malta,1992,18,18,97.92869516,95.28567454,44.63636364,85.85454545,2.82,0.61,21.99,26.34,25.2,102.3,164,194000,8.45E-04
Malta,1993,18,18,97.88797289,94.97880486,46,85.8,2.78,0.64,21.96,26.36,25.4,102.2,176,196000,8.98E-04
Malta,1994,18,18,97.84725063,94.67193518,47.36363636,85.74545455,2.74,0.67,21.93,26.38,25.7,102.1,150,198000,7.58E-04
Malta,1995,18,18,97.80652837,94.3650655,48.72727273,85.69090909,2.7,0.7,21.9,26.4,26.4,101.9,142,199000,7.14E-04
Malta,1996,18,18,97.85237857,94.67453523,50.09090909,85.63636364,2.48,0.64,22.24,26.58,26.6,101.8,239,201000,0.001189055
Malta,1997,18,18,97.89822877,94.98400496,51.45454545,85.58181818,2.26,0.58,22.58,26.76,26.9,101.7,243,202000,0.00120297
Malta,1998,18,18,97.94407897,95.29347468,52.81818182,85.52727273,2.04,0.52,22.92,26.94,27.9,101.7,234,203000,0.001152709
Malta,1999,18,18,97.98992917,95.60294441,54.18181818,85.47272727,1.82,0.46,23.26,27.12,28,101.6,233,204000,0.001142157
Malta,2000,18,18,98.03577938,95.91241414,55.54545455,85.41818182,1.6,0.4,23.6,27.3,28.9,101.8,239,205000,0.001165854
Mauritania,2000,18,18,61.33664597,67.7326544,4.666666667,7.566666667,27.7,0.5,21.8,29.4,39.7,98.6,8449,1352000,0.006249432
Mauritius,1990,18,18,91.70590034,90.69556829,48.36666667,74.6,11.3,0.6,23.8,28.2,33.9,100.2,2129,529000,0.004024575
Mauritius,1991,18,18,91.98920661,90.9981953,49.2,74.6,11.15,0.61,23.68,28.23,33.5,99.95,2229,535000,0.004166355
Mauritius,1992,18,18,92.27251287,91.30082231,48.3,74.70909091,11,0.62,23.56,28.26,33.5,99.7,2220,543000,0.004088398
Mauritius,1994,18,18,92.8391254,91.90607633,46.5,74.92727273,10.7,0.64,23.32,28.32,33.2,99.7,2328,558000,0.004172043
Mauritius,1995,18,18,93.12243167,92.20870334,45.6,75.03636364,10.55,0.65,23.2,28.35,33.1,100.4,2180,566000,0.00385159
Mauritius,1996,18,18,93.40573794,92.51133035,44.7,75.14545455,10.4,0.66,23.08,28.38,33.3,99.9,2174,573000,0.003794066
Mauritius,1997,18,18,93.6890442,92.81395736,43.8,75.25454545,10.25,0.67,22.96,28.41,33.5,101,2100,580000,0.00362069
Mauritius,1998,18,18,93.97235047,93.11658437,42.9,75.36363636,10.1,0.68,22.84,28.44,33.7,101.2,1979,587000,0.00337138
Mauritius,1999,18,18,94.25565673,93.41921138,42,75.47272727,9.95,0.69,22.72,28.47,34,101.5,1955,592000,0.003302365
Mauritius,2000,18,18,94.538963,93.72183839,41.1,75.58181818,9.8,0.7,22.6,28.5,34.2,101,1960,597000,0.003283082
Mexico,1995,14,16,95.9503019,96.35732821,57.5,66.5,16.55,5.65,22.55,24.85,32,102.3,435185,49077000,0.0088674
Mongolia,1990,18,18,98.12400073,99,38.8,57.9,8.2,1.572727273,22.74285714,25.06363636,41,100.4,4468,1106000,0.004039783
Mongolia,1994,18,18,97.95844821,98.57027889,41.2,57.3,5,1.463636364,23.31428571,25.31818182,40.6,103.6,4500,1152000,0.00390625
Mongolia,1995,18,18,97.91706008,98.30833367,42.325,57.95,4.2,1.436363636,23.45714286,25.38181818,40.4,100,3990,1160000,0.003439655
Mongolia,1996,18,18,97.87567195,98.04638844,43.45,58.6,3.4,1.409090909,23.6,25.44545455,40.5,102.9,3747,1167000,0.003210797
Mongolia,1997,18,18,97.83428382,97.78444321,44.575,59.25,3.95,1.381818182,23.625,25.50909091,40.4,103,4917,1175000,0.004184681
Mongolia,1998,18,18,97.79289569,97.52249798,45.7,59.9,4.5,1.354545455,23.65,25.57272727,40.4,103.4,3708,1183000,0.003134404
Mongolia,1999,18,18,97.75150756,97.26055275,50.05,63.65,5.05,1.327272727,23.675,25.63636364,40.4,102.5,3995,1192000,0.00335151
Mongolia,2000,18,18,97.71011943,96.99860752,54.4,67.4,5.6,1.3,23.7,25.7,40.4,100.1,3666,1202000,0.003049917
Morocco,1990,18,18,49.27356239,66.96224948,32.86,39.26,14.7,1.433333333,24.26666667,28.9,23.7,100.5,31012,12363000,0.002508453
Morocco,1991,18,18,51.56389381,68.06791535,34.18,40.38,14.225,1.35,24.525,29.125,24.1,104,34742,12592000,0.002759053
Morocco,1993,18,18,56.14455666,70.27924709,37.8,44.43333333,13.275,1.183333333,25.04166667,29.575,24.6,103.8,49847,13036000,0.003823796
Morocco,1995,18,18,58.64068844,72.32668852,42.4,50.3,12.61111111,1.07,25.42222222,29.94,25.3,101.2,37211,13465000,0.002763535
Morocco,1996,18,18,58.84648879,73.26846408,45.6,54.35,12.42222222,1.04,25.54444444,30.08,25.9,101,48372,13675000,0.003537258
Morocco,1997,18,18,59.05228915,74.21023964,48.8,58.4,12.23333333,1.01,25.66666667,30.22,26.3,101,50632,13881000,0.003647576
Morocco,1998,18,18,59.2580895,75.1520152,49.25714286,59.05714286,12.04444444,0.98,25.78888889,30.36,26.8,101,50083,14081000,0.003556779
Morocco,1999,18,18,59.46388986,76.09379076,49.71428571,59.71428571,11.85555556,0.95,25.91111111,30.5,27.2,101,48561,14273000,0.003402298
Morocco,2000,18,18,59.66969022,77.03556632,50.17142857,60.37142857,11.66666667,0.92,26.03333333,30.64,25.9,102.2,47467,14455000,0.003283777
Namibia,1991,21,21,90.41715652,85.70274358,28.03333333,32.9,6.7,1.1,27.3,31.1,45,105.4,9174,749000,0.012248893
Nepal,1985,20,20,28.82145144,54.34953521,13.44,13.44,49.12,23.54,18.14,21.58,35.8,98.1,76874,7965000,0.009651524
Netherlands,1982,18,18,99,99,73.9,76.9,2.1,0.22,24.56,27.36,36,99,5006,7181000,6.97E-04
Netherlands,1985,18,18,99,99,72.95,76.55,1.4,0.1,25.2,27.9,37.1,102.2,4116,7303000,5.64E-04
Netherlands,1986,18,18,99,99,72.63333333,76.43333333,1.37,0.1,25.5,28.19,37.3,102.3,4051,7346000,5.51E-04
Netherlands,1987,18,18,99,99,72.31666667,76.31666667,1.34,0.1,25.8,28.48,37.4,102.3,3985,7390000,5.39E-04
Netherlands,1988,18,18,99,99,72,76.2,1.31,0.1,26.1,28.77,38.1,102.3,4187,7436000,5.63E-04
Netherlands,1989,18,18,99,99,72.72,76.66,1.28,0.1,26.4,29.06,38.2,102.4,4243,7483000,5.67E-04
Netherlands,1990,18,18,99,99,73.44,77.12,1.25,0.1,26.7,29.35,39.1,102.3,4377,7533000,5.81E-04
Netherlands,1991,18,18,99,99,74.16,77.58,1.22,0.1,27,29.64,39.5,102.3,4131,7584000,5.45E-04
Netherlands,1992,18,18,99,99,74.88,78.04,1.19,0.1,27.3,29.93,39.9,102.2,3682,7637000,4.82E-04
Netherlands,1993,18,18,99,99,75.6,78.5,1.16,0.1,27.6,30.22,40.6,102.2,3347,7691000,4.35E-04
Netherlands,1994,18,18,99,99,74.48,77,1.13,0.1,27.9,30.51,40.9,102.2,3139,7744000,4.05E-04
Netherlands,1995,18,18,99,99,73.36,75.5,1.1,0.1,28.2,30.8,41.3,102.2,2635,7794000,3.38E-04
Netherlands,1996,18,18,99,99,72.24,74,1.04,0.1,28.43,31.02,41.6,102.2,2511,7841000,3.20E-04
Netherlands,1998,18,18,99,99,70,71,0.92,0.1,28.89,31.46,42.2,102.2,2832,7928000,3.57E-04
Netherlands,2000,18,18,99,99,68,69.4,0.8,0.1,29.35,31.9,43.1,102.1,2503,8015000,3.12E-04
New Zealand,1985,20,20,99,99,66.61578947,72.42105263,6.07,1.91,23.93,26.07,41.3,101.9,4535,1649000,0.002750152
New Zealand,1986,20,20,99,99,67.18421053,72.67894737,5.6,1.9,24.2,26.3,41.5,101.9,4502,1662000,0.002708785
New Zealand,1987,20,20,99,99,67.75263158,72.93684211,5.73,2.01,24.32,26.39,41.9,102.2,4801,1675000,0.002866269
New Zealand,1988,20,20,99,99,68.32105263,73.19473684,5.86,2.12,24.44,26.48,42.4,102.5,4802,1689000,0.002843102
New Zealand,1989,20,20,99,99,68.88947368,73.45263158,5.99,2.23,24.56,26.57,42.5,102.9,4989,1705000,0.0029261
New Zealand,1990,20,20,99,99,69.45789474,73.71052632,6.12,2.34,24.68,26.66,43.1,102.7,5037,1725000,0.00292
New Zealand,1991,20,20,99,99,70.02631579,73.96842105,6.25,2.45,24.8,26.75,43.4,103.5,4907,1749000,0.002805603
New Zealand,1992,20,20,99,99,70.59473684,74.22631579,6.38,2.56,24.92,26.84,43.5,103.3,4626,1778000,0.0026018
New Zealand,1993,20,20,99,99,71.16315789,74.48421053,6.51,2.67,25.04,26.93,43.4,103.3,4386,1808000,0.002425885
New Zealand,1994,20,20,99,99,71.73157895,74.74210526,6.64,2.78,25.16,27.02,43.8,103.2,4203,1837000,0.00228797
New Zealand,1995,20,20,99,99,72.3,75,6.77,2.89,25.28,27.11,44.1,102.9,4444,1863000,0.0023854
New Zealand,1996,20,20,99,99,72.86842105,75.25789474,6.9,3,25.4,27.2,44.6,102.9,4406,1886000,0.002336161
New Zealand,1997,20,20,99,99,73.43684211,75.51578947,7.04,3.16,25.5,27.28,44.7,102.9,4401,1905000,0.002310236
New Zealand,1998,20,20,99,99,74.00526316,75.77368421,7.18,3.32,25.6,27.36,44.9,103.2,3924,1922000,0.002041623
New Zealand,1999,20,20,99,99,74.57368421,76.03157895,7.32,3.48,25.7,27.44,45.2,103.5,3884,1942000,0.002
New Zealand,2000,20,20,99,99,75.14210526,76.28947368,7.46,3.64,25.8,27.52,45.2,103.7,3818,1964000,0.001943992
Norway,1978,18,18,100,100,65.2,71,2.95,0.35,23.95,26.6,41.9,99,4353,2044000,0.002129648
Norway,1985,18,18,100,100,67.74545455,72.78181818,1.24375,0.13125,25.74375,28.0875,43.3,102.2,2907,2098000,0.001385605
Norway,1986,18,18,100,100,68.10909091,73.03636364,1,0.1,26,28.3,44.7,102.3,2975,2106000,0.001412631
Norway,1987,18,18,100,100,68.47272727,73.29090909,0.94,0.1,26.39,28.72,44.7,102.3,2882,2115000,0.001362648
Norway,1988,18,18,100,100,68.83636364,73.54545455,0.88,0.1,26.78,29.14,44.8,102.2,2940,2124000,0.001384181
Norway,1989,18,18,100,100,69.2,73.8,0.82,0.1,27.17,29.56,44.6,102.2,2805,2134000,0.001314433
Norway,1990,18,18,100,100,70.21111111,75.21111111,0.76,0.1,27.56,29.98,44.7,102.3,2642,2145000,0.001231702
Norway,1991,18,18,100,100,71.22222222,76.62222222,0.7,0.1,27.95,30.4,45.4,102.2,2507,2156000,0.001162801
Norway,1992,18,18,100,100,72.23333333,78.03333333,0.64,0.1,28.34,30.82,45.3,102.2,2304,2168000,0.001062731
Norway,1993,18,18,100,100,73.24444444,79.44444444,0.58,0.1,28.73,31.24,45.6,102.2,2079,2180000,9.54E-04
Norway,1995,18,18,100,100,75.26666667,82.26666667,0.46,0.1,29.51,32.08,45.8,102.2,1781,2205000,8.08E-04
Norway,1996,18,18,100,100,76.27777778,83.67777778,0.4,0.1,29.9,32.5,46,102.2,1762,2218000,7.94E-04
Norway,1997,18,18,100,100,77.28888889,85.08888889,0.74,0.16,29.26,31.88,46.1,102.2,1654,2230000,7.42E-04
Norway,1998,18,18,100,100,78.3,86.5,1.08,0.22,28.62,31.26,46.1,102.1,1607,2243000,7.16E-04
Norway,1999,18,18,100,100,78.85714286,86.77142857,1.42,0.28,27.98,30.64,46.5,102,1514,2256000,6.71E-04
Oman,1993,18,18,94.51341296,98.52143257,14.63333333,18.66666667,21.1,2.1,20.7,24.7,10.3,71.3,8796,847000,0.01038477
Pakistan,1996,16,18,51.62492647,64.48505668,16.9,23.9,21.64705882,6.276470588,21.18235294,25.71764706,24.5,93.6,358561,62863000,0.005703844
Panama,1979,18,18,96.06517648,95.86060343,54.1,60.6,20.84,3.61,21.3,25.16,28.6,96.77,10738,958000,0.011208768
Panama,1980,18,18,96.10619878,95.92750224,54.11666667,60.2,20.2,3.4,21.4,25.2,29,96.825,10712,982000,0.01090835
Panama,1985,18,18,95.44198125,95.6606959,54.2,58.2,20.8,4.05,21.65,25.3,31,97.1,11570,1102000,0.010499093
Panama,1986,18,18,95.30913774,95.60733463,53.975,57.95,20.92,4.18,21.7,25.32,31.6,97.18,11374,1127000,0.01009228
Panama,1987,18,18,95.17629423,95.55397336,53.75,57.7,21.04,4.31,21.75,25.34,31.6,97.26,11501,1153000,0.009974848
Panama,1988,18,18,95.04345072,95.5006121,53.525,57.45,21.16,4.44,21.8,25.36,31.6,97.34,11480,1178000,0.009745331
Panama,1989,18,18,94.91060722,95.44725083,53.3,57.2,21.28,4.57,21.85,25.38,32.3,97.42,11919,1204000,0.009899502
Panama,1990,18,18,94.77776371,95.39388956,53.075,56.95,21.4,4.7,21.9,25.4,32.5,97.5,11595,1230000,0.009426829
Panama,1991,18,18,94.90797226,95.50755462,52.85,56.7,21.47,4.71,21.9,25.44,32.8,97.5,11492,1256000,0.009149682
Panama,1992,18,18,95.03818081,95.62121968,52.625,56.45,21.54,4.72,21.9,25.48,32.9,97.6,11551,1281000,0.009017174
Panama,1993,18,18,95.16838936,95.73488474,52.4,56.2,21.61,4.73,21.9,25.52,33,97.6,11247,1307000,0.008605203
Panama,1994,18,18,95.29859791,95.8485498,52.175,55.95,21.68,4.74,21.9,25.56,33.5,97.7,11266,1334000,0.008445277
Panama,1995,18,18,95.42880646,95.96221486,51.95,55.7,21.75,4.75,21.9,25.6,34.2,97.9,11720,1362000,0.008604993
Panama,1996,18,18,95.559015,96.07587991,51.725,55.45,21.82,4.76,21.9,25.64,34.4,97.9,11665,1390000,0.008392086
Panama,1997,18,18,95.68922355,96.18954497,51.5,55.2,21.89,4.77,21.9,25.68,34.9,98,13021,1419000,0.00917618
Panama,1998,18,18,95.8194321,96.30321003,51.275,54.95,21.96,4.78,21.9,25.72,34.9,98,12109,1449000,0.008356798
Panama,1999,18,18,95.94964065,96.41687509,51.05,54.7,22.03,4.79,21.9,25.76,34.9,98.1,12663,1480000,0.008556081
Panama,2000,18,18,96.0798492,96.53054015,50.825,54.45,22.1,4.8,21.9,25.8,35.4,98.1,12602,1510000,0.008345695
Papua New Guinea,2000,21,21,66.67899393,69.13373534,22.21101655,29.82,18.88,3.507692308,21.04,24.97692308,48.4,96,18284,2637000,0.006933743
Philippines,1997,18,18,95.97761967,95.00380076,30.9,47,8.241176471,2.405882353,24.04705882,26.58823529,37.2,98.5,113806,36090000,0.003153394
Philippines,1998,18,18,95.89183936,94.82195315,28,46.5,7.947058824,2.335294118,24.08235294,26.62941176,37.2,98.5,115240,36901000,0.003122951
Philippines,1999,18,18,95.80605904,94.64010555,31.8,49.3,7.652941176,2.264705882,24.11764706,26.67058824,37.7,98.5,114205,37719000,0.003027784
Philippines,2000,18,18,95.72027873,94.45825794,31.6,47,7.358823529,2.194117647,24.15294118,26.71176471,37.4,98.6,126025,38543000,0.003269725
Poland,1978,18,21,99.81581493,99.77873636,26.42142857,74.83571429,4.285714286,0.528571429,22.5,25.84285714,45.2,99,49460,17933000,0.002758044
Poland,1985,18,21,99.8960459,99.87515858,27.27142857,73.68571429,4.085714286,0.578571429,22.85,26.09285714,45.4,105,43041,19099000,0.002253573
Poland,1986,18,21,99.90750747,99.88893318,27.39285714,73.52142857,4.057142857,0.585714286,22.9,26.12857143,45.4,105,40562,19222000,0.002110186
Poland,1987,18,21,99.91896903,99.90270778,27.51428571,73.35714286,4.028571429,0.592857143,22.95,26.16428571,45.5,105,40659,19327000,0.002103741
Poland,1988,18,21,99.9304306,99.91648239,27.63571429,73.19285714,4,0.6,23,26.2,45.6,105,41004,19415000,0.002111975
Poland,1989,18,21,99.94189217,99.93025699,27.75714286,73.02857143,3.775,0.55,23.175,26.35,45.7,105.2,41488,19493000,0.002128354
Poland,1990,18,21,99.95335373,99.94403159,27.87857143,72.86428571,3.55,0.5,23.35,26.5,45.9,105.2,43875,19562000,0.002242869
Poland,1991,18,21,99.9648153,99.95780619,28,72.7,3.325,0.45,23.525,26.65,45.7,105.3,46380,19624000,0.002363433
Poland,1992,18,21,99.97627687,99.9715808,28.77894737,73.36842105,3.1,0.4,23.7,26.8,45.5,105.3,43458,19678000,0.002208456
Poland,1993,18,21,99.98773843,99.9853554,29.55789474,74.03684211,2.875,0.35,23.875,26.95,45.5,105.4,41236,19723000,0.002090757
Poland,1994,18,21,99.9992,99.99913,30.33684211,74.70526316,2.65,0.3,24.05,27.1,45.7,105.4,39477,19756000,0.001998228
Poland,1995,18,21,99.999267,99.999201,31.11578947,75.37368421,2.425,0.25,24.225,27.25,45.5,105.5,34697,19778000,0.001754323
Poland,1996,18,21,99.999334,99.999272,31.89473684,76.04210526,2.2,0.2,24.4,27.4,45.5,105.6,33512,19788000,0.001693552
Poland,1997,18,21,99.999401,99.999343,32.67368421,76.71052632,2.1,0.2,24.55,27.5,45.4,105.8,31256,19788000,0.001579543
Poland,1998,18,21,99.999468,99.999414,33.45263158,77.37894737,2,0.2,24.7,27.6,45.5,105.9,30413,19780000,0.001537563
Portugal,1980,16,16,97.88117199,97.59593499,37.8,76.3,8.572727273,1.563636364,22.2,24.78181818,40.03809524,99,17973,5067000,0.003547069
Portugal,1981,16,16,97.94135225,97.66431838,39.71764706,76.44705882,8.9,1.6,22.1,24.7,40.29047619,99,16946,5100000,0.003322745
Portugal,1985,16,16,98.46796086,98.25557408,47.38823529,77.03529412,7.62,1.48,22.82,25.5,41.3,107.2,13681,5149000,0.002657021
Portugal,1986,16,16,98.59961301,98.403388,49.30588235,77.18235294,7.3,1.45,23,25.7,41.1,107.4,12663,5148000,0.00245979
Portugal,1987,16,16,98.73126517,98.55120192,51.22352941,77.32941176,6.98,1.42,23.18,25.9,41.8,107.4,11787,5141000,0.002292745
Portugal,1988,16,16,98.86291732,98.69901585,53.14117647,77.47647059,6.66,1.39,23.36,26.1,42.2,107.4,11163,5134000,0.002174328
Portugal,1989,16,16,98.99456947,98.84682977,55.05882353,77.62352941,6.34,1.36,23.54,26.3,42.3,107.4,10697,5130000,0.002085185
Portugal,1990,16,16,99.12622163,98.9946437,56.97647059,77.77058824,6.02,1.33,23.72,26.5,42.8,107.4,9994,5132000,0.001947389
Portugal,1991,16,16,99.25787378,99.14245762,58.89411765,77.91764706,5.7,1.3,23.9,26.7,43.6,107.5,9855,5143000,0.001916197
Portugal,1992,16,16,99.28231809,99.17112574,60.81176471,78.06470588,5.59,1.29,24.07,26.86,43.5,107.5,9456,5161000,0.001832203
Portugal,1993,16,16,99.3067624,99.19979386,62.72941176,78.21176471,5.48,1.28,24.24,27.02,44,107.5,9270,5183000,0.001788539
Portugal,1994,16,16,99.33120671,99.22846198,64.64705882,78.35882353,5.37,1.27,24.41,27.18,44.3,107.5,8557,5208000,0.001643049
Portugal,1995,16,16,99.35565102,99.2571301,66.56470588,78.50588235,5.26,1.26,24.58,27.34,44.6,107.5,8013,5231000,0.001531829
Portugal,1996,16,16,99.38009534,99.28579822,68.48235294,78.65294118,5.15,1.25,24.75,27.5,44.8,107.5,7860,5253000,0.001496288
Portugal,1997,16,16,99.40453965,99.31446633,70.4,78.8,5.04,1.24,24.92,27.66,45.3,107.4,7688,5273000,0.001457994
Republic of Moldova,1990,16,18,98.6,99.6,56.2875,78.8625,11.25333333,1.733333333,21.27333333,24.02,48.5,109.2,9837,2284000,0.004306918
Republic of Moldova,1991,16,18,98.6,99.6,55.375,78.125,10.90666667,1.666666667,21.44666667,24.24,48.5,109.6,10843,2289000,0.004737003
Republic of Moldova,1992,16,18,98.6,99.6,54.4625,77.3875,10.56,1.6,21.62,24.46,48.2,109.55,11084,2290000,0.004840175
Republic of Moldova,1995,16,18,98.6,99.6,51.725,75.175,9.52,1.4,22.14,25.12,47.9,108.7,11151,2266000,0.004921006
Republic of Moldova,1996,16,18,98.6,99.6,50.8125,74.4375,9.173333333,1.333333333,22.31333333,25.34,47.9,109.3,9664,2250000,0.004295111
Republic of Moldova,1998,16,18,98.6,99.6,47.53333333,69.93333333,8.48,1.2,22.66,25.78,47.9,108.9,7206,2205000,0.003268027
Republic of Moldova,1999,16,18,98.6,99.6,45.16666667,66.16666667,8.133333333,1.133333333,22.83333333,26,47.9,108.9,6625,2177000,0.003043179
Republic of Moldova,2000,16,18,98.6,99.6,42.8,62.4,7.786666667,1.066666667,23.00666667,26.22,47.9,108.9,6260,2146000,0.002917055
Romania,1985,16,18,99,99,9.593333333,57.67333333,13.82,2.273333333,21.63333333,25.32666667,44.8,102.6,56506,11607000,0.004868269
Romania,1986,16,18,99,99,10.20666667,57.62666667,13.56,2.22,21.7,25.38,44.7,102.7,65716,11666000,0.005633122
Romania,1987,16,18,99,99,10.82,57.58,13.3,2.166666667,21.76666667,25.43333333,44.6,102.7,70308,11731000,0.005993351
Romania,1988,16,18,99,99,11.43333333,57.53333333,13.04,2.113333333,21.83333333,25.48666667,44.5,102.7,61371,11792000,0.005204461
Romania,1989,16,18,99,99,12.04666667,57.48666667,12.78,2.06,21.9,25.54,44.4,102.7,55938,11838000,0.004725291
Romania,1990,16,18,99,99,12.66,57.44,12.52,2.006666667,21.96666667,25.59333333,44.3,102.7,47906,11862000,0.004038611
Romania,1991,16,18,99,99,13.27333333,57.39333333,12.26,1.953333333,22.03333333,25.64666667,44.6,102.8,46526,11860000,0.003922934
Romania,1992,16,18,99.10746203,99.18007019,13.88666667,57.34666667,12,1.9,22.1,25.7,45,103.5,45205,11837000,0.003818958
Romania,1993,16,18,98.9746679,99.03648604,14.5,57.3,11.21,1.73,22.41,25.99,45.4,103.6,45934,11796000,0.003894032
Romania,1994,16,18,98.84187376,98.8929019,17,58.38333333,10.42,1.56,22.72,26.28,45.8,103.7,44229,11748000,0.003764811
Romania,1995,16,18,98.70907963,98.74931775,19.5,59.46666667,9.63,1.39,23.03,26.57,46.3,103.9,40829,11698000,0.003490255
Romania,1996,16,18,98.57628549,98.60573361,22,60.55,8.84,1.22,23.34,26.86,45.6,104,38262,11648000,0.003284856
Romania,1997,16,18,98.44349135,98.46214947,24.5,61.63333333,8.05,1.05,23.65,27.15,45.8,104.2,37830,11596000,0.003262332
Romania,1998,16,18,98.31069722,98.31856532,27,62.71666667,7.26,0.88,23.96,27.44,45.6,104.3,35641,11546000,0.00308687
Romania,2000,16,18,98.04510895,98.03139703,31.24,65.1,5.68,0.54,24.58,28.02,46,104.7,32293,11458000,0.00281838
Russian Federation,1985,18,18,98.96841571,98.97238415,34.78666667,54.56666667,11.22,2.5,21.28,23.92,48.7,115.4,215894,76980000,0.002804547
Russian Federation,1986,18,18,99,99,36.16,55.7,11.14,2.5,21.41,24.04,48.6,113.9,216320,77432000,0.002793677
Russian Federation,1987,18,18,99,99,37.53333333,56.83333333,11.06,2.5,21.54,24.16,48.5,112.4,227920,77873000,0.002926817
Russian Federation,1988,18,18,99,99,38.90666667,57.96666667,10.98,2.5,21.67,24.28,48.5,112,236067,78280000,0.003015675
Russian Federation,1989,18,18,99.74946473,99.69100528,40.28,59.1,10.9,2.5,21.8,24.4,48.4,114,255766,78624000,0.003253027
Russian Federation,1990,18,18,99.74755208,99.69008818,41.65333333,60.23333333,10.65384615,2.430769231,21.86153846,24.46153846,48.4,113.4,275547,78885000,0.003493021
Russian Federation,1991,18,18,99.74563943,99.68917108,43.02666667,61.36666667,10.40769231,2.361538462,21.92307692,24.52307692,48.5,113.32,275912,79056000,0.003490083
Russian Federation,1992,18,18,99.74372678,99.68825398,44.4,62.5,10.16153846,2.292307692,21.98461538,24.58461538,48.8,113.24,261206,79142000,0.003300473
Russian Federation,1993,18,18,99.74181413,99.68733688,46.5,64.65,9.915384615,2.223076923,22.04615385,24.64615385,48.3,113.16,243527,79155000,0.003076584
Russian Federation,1994,18,18,99.73990148,99.68641978,48.6,66.8,9.669230769,2.153846154,22.10769231,24.70769231,47.9,113.08,256540,79115000,0.003242622
Russian Federation,1995,18,18,99.73798883,99.68550268,47.5,63.4,9.423076923,2.084615385,22.16923077,24.76923077,47.6,113,238019,79037000,0.003011488
Russian Federation,1996,18,18,99.73607618,99.68458557,47.1,65.3,9.176923077,2.015384615,22.23076923,24.83076923,47.7,113.16,209531,78929000,0.002654677
Russian Federation,1997,18,18,99.73416353,99.68366847,49.2875,67.6125,8.930769231,1.946153846,22.29230769,24.89230769,47.7,113.32,195959,78790000,0.002487105
Russian Federation,1998,18,18,99.73225088,99.68275137,51.475,69.925,8.684615385,1.876923077,22.35384615,24.95384615,47.8,113.48,189012,78624000,0.002403999
Russian Federation,1999,18,18,99.73033823,99.68183427,53.6625,72.2375,8.438461538,1.807692308,22.41538462,25.01538462,48,113.64,167765,78434000,0.002138932
Russian Federation,2000,18,18,99.72842558,99.68091717,55.85,74.55,8.192307692,1.738461538,22.47692308,25.07692308,48.3,113.8,162997,78222000,0.002083774
Rwanda,1991,21,21,74.89654159,70.80427119,11.56666667,20.06666667,10.89615385,2.330769231,22.68461538,24.37692308,51.8,106.7,21736,3546000,0.00612978
Saint Lucia,1994,18,18,84.69577858,83.59577858,41.78571429,43.1,2.53,0.74,30.43,32.88,40.7,105.8,647,74000,0.008743243
Saint Lucia,1995,18,18,85.53923879,84.43923879,41.1,42.4,3.14,0.82,29.34,32.14,39.3,103.5,662,75000,0.008826667
Samoa,1991,19,21,99.04444444,99.12,21.03636364,21.82727273,6.95,1.15,23.75,27.95,31.6,90.7,232,78000,0.002974679
Singapore,1980,21,21,96.28811608,96.40878473,60.4,73.04,2.3,0.4,26.2,28.4,33.90952381,95.7,1718,1183000,0.00145224
Singapore,1982,21,21,96.84736557,96.89805195,58.8,74.2,2.12,0.36,26.36,28.7,34.38571429,95.94,1483,1234000,0.001201783
Singapore,1985,21,21,97.68623981,97.63195278,55.32,69.88,1.85,0.3,26.6,29.15,35.1,96.3,1114,1329000,8.38E-04
Singapore,1986,21,21,97.96586456,97.87658638,54.16,68.44,1.76,0.28,26.68,29.3,36,96.78,956,1361000,7.02E-04
Singapore,1987,21,21,98.2454893,98.12121999,53,67,1.67,0.26,26.76,29.45,37,97.26,872,1392000,6.26E-04
Singapore,1988,21,21,98.52511405,98.3658536,52.8,66.6,1.58,0.24,26.84,29.6,37.7,97.74,819,1425000,5.75E-04
Singapore,1989,21,21,98.80473879,98.61048721,52.6,66.2,1.49,0.22,26.92,29.75,38.4,98.22,815,1460000,5.58E-04
Singapore,1990,21,21,99.08436354,98.85512082,52.4,65.8,1.4,0.2,27,29.9,38.7,98.7,944,1499000,6.30E-04
Singapore,1991,21,21,99.1263871,98.91060821,52.2,65.4,1.36,0.19,26.95,29.91,39,98.68,928,1541000,6.02E-04
Singapore,1992,21,21,99.16841065,98.9660956,52,65,1.32,0.18,26.9,29.92,39.2,98.66,848,1587000,5.34E-04
Singapore,1993,21,21,99.21043421,99.02158299,52.6,64.4,1.28,0.17,26.85,29.93,39,98.64,844,1635000,5.16E-04
Singapore,1994,21,21,99.25245777,99.07707038,53.2,63.8,1.24,0.16,26.8,29.94,38.9,98.62,737,1683000,4.38E-04
Singapore,1995,21,21,99.29448132,99.13255777,53.8,63.2,1.2,0.15,26.75,29.95,38.7,98.6,657,1730000,3.80E-04
Singapore,1996,21,21,99.33650488,99.18804516,54.4,62.6,1.16,0.14,26.7,29.96,39.4,99.2,697,1775000,3.93E-04
Singapore,1997,21,21,99.37852844,99.24353255,55,62,1.12,0.13,26.65,29.97,39.3,99.5,704,1819000,3.87E-04
Singapore,1998,21,21,99.420552,99.29901994,55.09166667,62.07916667,1.08,0.12,26.6,29.98,39.5,99.8,793,1863000,4.26E-04
Singapore,1999,21,21,99.46257555,99.35450733,55.18333333,62.15833333,1.04,0.11,26.55,29.99,39.7,100,873,1910000,4.57E-04
Singapore,2000,21,21,99.50459911,99.40999472,55.275,62.2375,1,0.1,26.5,30,40,98.6,953,1961000,4.86E-04
Slovakia,1988,18,18,99.6,99.7,35.03,71.1,6.981818182,1.272727273,22.49090909,25.36363636,46.1,104.2,9477,2674000,0.003544129
Slovakia,1989,18,18,99.6,99.7,37.02,72.06666667,6.954545455,1.281818182,22.52727273,25.40909091,46.2,104.3,9533,2688000,0.003546503
Slovakia,1990,18,18,99.6,99.7,39.01,73.03333333,6.927272727,1.290909091,22.56363636,25.45454545,46.3,104.5,9638,2700000,0.00356963
Slovakia,1991,18,18,99.6,99.7,41,74,6.9,1.3,22.6,25.5,46.3,104.9,11002,2712000,0.004056785
Slovakia,1992,18,18,99.6,99.7,45.1,74.96666667,6.39,1.21,22.88,25.78,46.2,105.1,10706,2724000,0.00393025
Slovakia,1993,18,18,99.6,99.7,49.2,75.93333333,5.88,1.12,23.16,26.06,46,105.2,10506,2735000,0.003841316
Slovakia,1994,18,18,99.6,99.7,53.3,76.9,5.37,1.03,23.44,26.34,44.5,105.3,8915,2744000,0.003248907
Slovakia,1995,18,18,99.6,99.7,57.4,77.86666667,4.86,0.94,23.72,26.62,44.7,105.3,7554,2752000,0.002744913
Slovakia,1997,18,18,99.6,99.7,65.6,79.8,3.84,0.76,24.28,27.18,45.2,105.5,6523,2763000,0.00236084
Slovakia,1998,18,18,99.6,99.7,67.59,80.76666667,3.33,0.67,24.56,27.46,45,105.6,6044,2766000,0.002185105
Slovakia,1999,18,18,99.6,99.7,69.58,81.73333333,2.82,0.58,24.84,27.74,45.2,105.7,5665,2769000,0.002045865
Slovenia,1987,18,18,98.9609513,98.96498609,47.52,76.244,2.42,0.58,23.62,27.56,45.8,106.1,2427,1018000,0.002384086
Slovenia,1988,18,18,99,99,49.48,76.576,2.34,0.56,23.915,27.795,45.7,106.1,2230,1024000,0.002177734
Slovenia,1989,18,18,99,99,51.44,76.908,2.26,0.54,24.21,28.03,45.6,106.2,1912,1029000,0.001858115
Slovenia,1990,18,18,99,99,53.4,77.24,2.18,0.52,24.505,28.265,45.5,106,1747,1032000,0.001692829
Slovenia,1991,18,18,99.7790094,99.73696648,55.36,77.572,2.1,0.5,24.8,28.5,45.6,106.1,1520,1033000,0.001471442
Slovenia,1992,18,18,99.78269868,99.7409706,57.32,77.904,1.936363636,0.454545455,25.29090909,28.82727273,45.9,106.1,1405,1033000,0.001360116
Slovenia,1993,18,18,99.78638795,99.74497471,59.28,78.236,1.772727273,0.409090909,25.78181818,29.15454545,46.4,106.2,1173,1031000,0.00113773
Slovenia,1994,18,18,99.79007723,99.74897883,61.24,78.568,1.609090909,0.363636364,26.27272727,29.48181818,45.9,106.3,1044,1029000,0.001014577
Slovenia,1995,18,18,99.79376651,99.75298295,63.2,78.9,1.445454545,0.318181818,26.76363636,29.80909091,46,105.3,975,1027000,9.49E-04
Slovenia,1996,18,18,99.79745578,99.75698706,65.16,79.232,1.281818182,0.272727273,27.25454545,30.13636364,46.1,105.5,809,1024000,7.90E-04
Slovenia,1998,18,18,99.80483434,99.7649953,69.08,79.896,0.954545455,0.181818182,28.23636364,30.79090909,46.4,105.1,605,1020000,5.93E-04
Slovenia,1999,18,18,99.80852362,99.76899942,71.04,80.228,0.790909091,0.136363636,28.72727273,31.11818182,46.2,105,549,1018000,5.39E-04
Slovenia,2000,18,18,99.81221289,99.77300353,73,80.56,0.627272727,0.090909091,29.21818182,31.44545455,46.2,105.1,512,1017000,5.03E-04
South Africa,1996,18,18,93.90514991,93.49841007,53.61111111,54.83333333,3.4,0.8,27.9,30.3,39.9,108,161918,21432000,0.007554975
Spain,1981,18,18,98.6419492,98.64133357,28.3,53.25,5.6,1.8,23.1,26,27.74761905,99,36611,19233000,0.001903551
Spain,1986,18,18,99.10581433,99.09069178,40.94,61.57,4,1.25,24.55,27.2,30.3,103.8,26731,19662000,0.001359526
Spain,1987,18,18,99.19858736,99.18056342,43.88,63.74,3.68,1.14,24.84,27.44,32.5,103.9,25435,19714000,0.0012902
Spain,1988,18,18,99.29136038,99.27043506,46.82,65.91,3.36,1.03,25.13,27.68,33.7,104,24446,19758000,0.001237271
Spain,1989,18,18,99.38413341,99.36030671,49.76,68.08,3.04,0.92,25.42,27.92,33.9,104,21349,19801000,0.001078178
Spain,1990,18,18,99.47690643,99.45017835,52.7,70.25,2.72,0.81,25.71,28.16,34.4,104.1,19284,19845000,9.72E-04
Spain,1991,18,18,99.56967946,99.54004999,55.64,72.42,2.4,0.7,26,28.4,34.8,104.2,17875,19895000,8.98E-04
Spain,1992,18,18,99.56740198,99.54231001,58.58,74.59,2.28,0.67,26.33,28.72,35.6,104.2,16347,19951000,8.19E-04
Spain,1993,18,18,99.5651245,99.54457002,61.52,76.76,2.16,0.64,26.66,29.04,36.3,104.2,14783,20012000,7.39E-04
Spain,1994,18,18,99.56284702,99.54683004,64.46,78.93,2.04,0.61,26.99,29.36,37.1,104.2,13140,20071000,6.55E-04
Spain,1995,18,18,99.56056954,99.54909005,67.4,81.1,1.92,0.58,27.32,29.68,37.7,104.2,11981,20128000,5.95E-04
Spain,1996,18,18,99.55829206,99.55135007,67.05,78.75,1.8,0.55,27.65,30,38,104.2,11174,20179000,5.54E-04
Spain,1997,18,18,99.55601458,99.55361008,66.7,76.4,1.68,0.52,27.98,30.32,38.5,104.2,11264,20228000,5.57E-04
Spain,1998,18,18,99.55373711,99.5558701,66.35,74.05,1.56,0.49,28.31,30.64,38.6,104.2,10901,20294000,5.37E-04
Sri Lanka,1981,18,18,90.19226616,91.87976546,33.7,47.7,9.9,1,24.4,27.9,30.61428571,95.58,30434,7490000,0.004063284
Sri Lanka,1982,18,18,90.46208449,92.03904161,31.9,57.8,9.4,1.04,24.5,27.885,30.68571429,95.86,30776,7608000,0.004045216
Sri Lanka,1985,18,18,91.27153947,92.51687007,37.12,60.14,7.9,1.16,24.8,27.84,30.9,96.7,29754,7961000,0.00373747
Sri Lanka,1986,18,18,91.54135779,92.67614622,38.86,60.92,7.4,1.2,24.9,27.825,30.4,96.2,28866,8084000,0.003570757
Sri Lanka,1987,18,18,91.81117612,92.83542237,40.6,61.7,6.9,1.24,25,27.81,31.9,96.2,28038,8210000,0.003415104
Sri Lanka,1988,18,18,92.08099445,92.99469852,41.11666667,62.43333333,7.178571429,1.28,24.91428571,27.795,33.3,96.2,25817,8336000,0.003097049
Sri Lanka,1989,18,18,92.35081277,93.15397467,41.63333333,63.16666667,7.457142857,1.32,24.82857143,27.78,34.7,96.2,28569,8459000,0.00337735
Sri Lanka,1991,18,18,92.89044943,93.47252698,42.66666667,64.63333333,8.014285714,1.4,24.65714286,27.75,34.6,97.55,26201,8690000,0.003015075
Sri Lanka,1995,18,18,93.96972273,94.10963158,45.38571429,67.21428571,9.128571429,1.56,24.31428571,27.69,32.7,99,28495,9080000,0.003138216
Sri Lanka,1996,18,18,94.23954106,94.26890773,46.22857143,67.77142857,9.407142857,1.6,24.22857143,27.675,32.3,96.2,28410,9155000,0.003103222
Suriname,1992,20,20,84.8128003,90.90217977,46.6,48,8.32,1.33,25.74,29.34,35,99.6,1701,206000,0.008257282
Suriname,1993,20,20,85.58998663,91.29498838,45.85,47.2625,7.91,1.2775,25.995,29.545,33.3,99.6,1854,209000,0.008870813
Suriname,1994,20,20,86.36717296,91.68779699,45.1,46.525,7.5,1.225,26.25,29.75,33.6,99.6,1468,212000,0.006924528
Suriname,1995,20,20,87.1443593,92.0806056,44.35,45.7875,7.09,1.1725,26.505,29.955,34.3,99.6,1438,215000,0.006688372
Suriname,1996,20,20,87.92154563,92.47341421,43.6,45.05,6.68,1.12,26.76,30.16,34.3,99.58,1561,218000,0.00716055
Suriname,1997,20,20,88.69873196,92.86622282,42.85,44.3125,6.27,1.0675,27.015,30.365,35.3,99.56,1858,221000,0.00840724
Suriname,1998,20,20,89.47591829,93.25903143,42.1,43.575,5.86,1.015,27.27,30.57,36.2,99.54,1526,224000,0.0068125
Suriname,1999,20,20,90.25310462,93.65184004,41.35,42.8375,5.45,0.9625,27.525,30.775,36.6,99.52,1466,227000,0.00645815
Suriname,2000,20,20,91.03029095,94.04464865,40.6,42.1,5.04,0.91,27.78,30.98,36.6,99.5,1547,231000,0.00669697
Sweden,1981,18,18,99,99,72,78,0.98,0.126666667,28.02666667,30.52666667,47.28095238,99,4151,4201000,9.88E-04
Sweden,1985,18,18,99,99,70.08,77.25333333,0.5,0.1,29.6,32.1,47.3,102.5,3137,4227000,7.42E-04
Sweden,1986,18,18,99,99,69.6,77.06666667,0.5,0.1,29.77,32.25,47.3,102.5,3171,4241000,7.48E-04
Sweden,1987,18,18,99,99,69.12,76.88,0.5,0.1,29.94,32.4,47.5,102.6,3000,4259000,7.04E-04
Sweden,1988,18,18,99,99,68.64,76.69333333,0.5,0.1,30.11,32.55,47.6,102.6,3114,4281000,7.27E-04
Sweden,1989,18,18,99,99,68.16,76.50666667,0.5,0.1,30.28,32.7,47.7,102.5,3483,4305000,8.09E-04
Sweden,1990,18,18,99,99,67.68,76.32,0.5,0.1,30.45,32.85,47.7,102.4,3877,4331000,8.95E-04
Sweden,1991,18,18,99,99,67.2,76.13333333,0.5,0.1,30.62,33,47.6,102.4,3564,4360000,8.17E-04
Sweden,1992,18,18,99,99,66.72,75.94666667,0.5,0.1,30.79,33.15,47.6,102.4,3148,4391000,7.17E-04
Sweden,1993,18,18,99,99,66.24,75.76,0.5,0.1,30.96,33.3,47.5,102.4,2850,4421000,6.45E-04
Sweden,1994,18,18,99,99,65.76,75.57333333,0.5,0.1,31.13,33.45,47.3,102.4,2416,4447000,5.43E-04
Sweden,1995,18,18,99,99,65.28,75.38666667,0.5,0.1,31.3,33.6,47.4,102.4,2138,4466000,4.79E-04
Sweden,1996,18,18,99,99,64.8,75.2,0.5,0.1,31.4375,33.7125,47.5,102.4,1905,4477000,4.26E-04
Sweden,1997,18,18,99,99,64.32,75.01333333,0.5,0.1,31.575,33.825,47.2,102.4,1226,4482000,2.74E-04
Sweden,1998,18,18,99,99,63.84,74.82666667,0.5,0.1,31.7125,33.9375,46.9,102.4,1146,4482000,2.56E-04
Sweden,1999,18,18,99,99,63.36,74.64,0.5,0.1,31.85,34.05,47.1,102.3,1210,4483000,2.70E-04
Switzerland,1980,18,18,99,99,64.9,71.2,1.6,0.2,25,27.9,37.06666667,99,2460,3237000,7.60E-04
Switzerland,1985,18,18,99,99,69.1,74.8,1.533333333,0.2,25.83333333,28.66666667,38.9,105.2,1568,3310000,4.74E-04
Switzerland,1986,18,18,99,99,69.94,75.52,1.52,0.2,26,28.82,39.2,105.1,1502,3328000,4.51E-04
Switzerland,1987,18,18,99,99,70.78,76.24,1.506666667,0.2,26.16666667,28.97333333,39.5,105.1,1373,3346000,4.10E-04
Switzerland,1988,18,18,99,99,71.62,76.96,1.493333333,0.2,26.33333333,29.12666667,39.7,105,1465,3366000,4.35E-04
Switzerland,1989,18,18,99,99,72.46,77.68,1.48,0.2,26.5,29.28,40,104.9,1425,3389000,4.20E-04
Switzerland,1990,18,18,99,99,73.3,78.4,1.466666667,0.2,26.66666667,29.43333333,40.4,102.7,1438,3416000,4.21E-04
Switzerland,1991,18,18,99,99,74.14,79.12,1.453333333,0.2,26.83333333,29.58666667,41,104.8,1606,3449000,4.66E-04
Switzerland,1992,18,18,99,99,74.98,79.84,1.44,0.2,27,29.74,41.4,104.7,1432,3487000,4.11E-04
Switzerland,1993,18,18,99,99,75.82,80.56,1.426666667,0.2,27.16666667,29.89333333,41.9,104.7,1306,3526000,3.70E-04
Switzerland,1994,18,18,99,99,76.66,81.28,1.413333333,0.2,27.33333333,30.04666667,42.4,104.7,1150,3561000,3.23E-04
Switzerland,1995,18,18,99,99,77.5,82,1.4,0.2,27.5,30.2,42.9,104.6,1068,3590000,2.97E-04
Switzerland,1996,18,18,99,99,78.34,82.72,1.33,0.19,27.7,30.42,43.4,104.8,1103,3612000,3.05E-04
Switzerland,1997,18,18,99,99,79.18,83.44,1.26,0.18,27.9,30.64,43.7,104.8,1101,3627000,3.04E-04
Switzerland,1998,18,18,99,99,80.02,84.16,1.19,0.17,28.1,30.86,44.1,104.8,1106,3639000,3.04E-04
Switzerland,1999,18,18,99,99,80.86,84.88,1.12,0.16,28.3,31.08,44.2,104.7,1185,3651000,3.25E-04
Switzerland,2000,18,18,99,99,81.7,85.6,1.05,0.15,28.5,31.3,44.5,104.5,1208,3665000,3.30E-04
Trinidad and Tobago,1980,18,18,99.21940224,99.19503606,50.7,57.95,11.5,1.3,25.3,28.1,33.75238095,99,5429,546000,0.009943223
Trinidad and Tobago,1985,18,18,99.27613302,99.25548688,46.2,54.2,20.85714286,1.3,22.3,28.95,34.8,100.6,4868,589000,0.008264856
Trinidad and Tobago,1986,18,18,99.28747918,99.26757705,45.3,53.45,22.72857143,1.3,21.7,29.12,35.5,99.5,4333,595000,0.007282353
Trinidad and Tobago,1987,18,18,99.29882534,99.27966721,44.4,52.7,24.6,1.3,21.1,29.29,35.7,100.3,3816,601000,0.006349418
Trinidad and Tobago,1988,18,18,99.31017149,99.29175737,43.53846154,51.58461538,19.4,1.3,23,29.46,36.3,98.8,3468,605000,0.005732231
Trinidad and Tobago,1989,18,18,99.32151765,99.30384754,42.67692308,50.46923077,14.2,1.3,24.9,29.63,36.2,100.1,3494,609000,0.005737274
Trinidad and Tobago,1990,18,18,99.33286381,99.3159377,41.81538462,49.35384615,9,1.3,26.8,29.8,36.9,101.9,3400,613000,0.005546493
Trinidad and Tobago,1991,18,18,99.34420996,99.32802787,40.95384615,48.23846154,8.36,1.21,26.93,29.96,38.5,99.4,3276,617000,0.005309562
Trinidad and Tobago,1992,18,18,99.35555612,99.34011803,40.09230769,47.12307692,7.72,1.12,27.06,30.12,38.4,97.9,3339,621000,0.005376812
Trinidad and Tobago,1993,18,18,99.36690228,99.35220819,39.23076923,46.00769231,7.08,1.03,27.19,30.28,38.4,98.2,2977,625000,0.0047632
Trinidad and Tobago,1994,18,18,99.37824843,99.36429836,38.36923077,44.89230769,6.44,0.94,27.32,30.44,38.4,98.4,2650,628000,0.004219745
Trinidad and Tobago,1995,18,18,99.38959459,99.37638852,37.50769231,43.77692308,5.8,0.85,27.45,30.6,38.7,102.4,2637,630000,0.004185714
Trinidad and Tobago,1997,18,18,99.4122869,99.40056885,35.78461538,41.54615385,4.52,0.67,27.71,30.92,39.8,100.3,2625,633000,0.004146919
Tunisia,1985,20,20,74.36414903,86.20803057,36.68,44.58,6.125,0,24.15,28.32,20.1,97.6,10940,3573000,0.003061853
Tunisia,1986,20,20,74.44417581,86.67149162,37.92,46.32,5.55,0,24,28.54,20.5,96.3,9942,3666000,0.002711948
Tunisia,1987,20,20,74.52420258,87.13495266,39.16,48.06,4.975,0,23.85,28.76,20.7,96.2,8508,3760000,0.002262766
Tunisia,1988,20,20,74.60422936,87.59841371,40.4,49.8,4.4,0,23.7,28.98,21,95.8,7647,3853000,0.001984687
Tunisia,1989,20,20,74.68425613,88.06187476,41.91428571,51.25714286,4.166666667,0,24.18333333,29.2,21.3,97.1,6265,3946000,0.001587684
Tunisia,1992,20,20,74.92433645,89.4522579,46.45714286,55.62857143,3.466666667,0,25.63333333,29.86,22.3,97.83333333,7015,4217000,0.001663505
Tunisia,1993,20,20,75.00436323,89.91571895,47.97142857,57.08571429,3.233333333,0,26.11666667,30.08,22.7,97.8,7121,4303000,0.001654892
Tunisia,1994,20,20,75.08439,90.37918,49.48571429,58.54285714,3,0,26.6,30.3,23.1,97.9,6155,4384000,0.001403969
Tunisia,1995,20,20,77.00984931,90.98076344,51,60,2.91,0,26.81,30.53,23.4,98.1,5489,4459000,0.001230993
Tunisia,1997,20,20,80.86076792,92.18393031,53.28,62.2,2.73,0,27.23,30.99,24.3,98.3,4091,4590000,8.91E-04
Tunisia,1998,20,20,82.78622722,92.78551375,54.42,63.3,2.64,0,27.44,31.22,24.7,98.2,3650,4648000,7.85E-04
Ukraine,1992,17,18,98.64213692,98.65970769,28.9375,68.2,13.78,2.3,21.18,24.575,49.3,115.86,109379,27670000,0.003952982
Ukraine,1993,17,18,98.70178077,98.71642308,30.175,68.1,13.24,2.166666667,21.24,24.73333333,49.5,115.74,105126,27607000,0.003807947
Ukraine,1994,17,18,98.76142462,98.77313846,31.4125,68,12.7,2.033333333,21.3,24.89166667,49.6,115.62,101863,27510000,0.003702763
Ukraine,1995,17,18,98.82106846,98.82985385,32.65,67.9,12.16,1.9,21.36,25.05,49.9,115.5,97874,27375000,0.003575306
Ukraine,1996,17,18,98.88071231,98.88656923,33.8875,67.8,11.62,1.766666667,21.42,25.20833333,50.4,115.58,90962,27200000,0.003344191
Ukraine,1998,17,18,99,99,36.3625,67.6,10.54,1.5,21.54,25.525,51.3,115.74,74486,26756000,0.002783899
United Kingdom,1985,18,18,99,99,77.73913043,80.86956522,3.38,0.86,24.36,26.6,41.5,105.7,65435,29048000,0.002252651
United Kingdom,1986,18,18,99,99,78,81,3.1,0.8,24.7,26.9,42.1,105.8,65892,29105000,0.002263941
United Kingdom,1987,18,18,99,99,74,77,2.82,0.74,25.04,27.2,42.4,105.8,65951,29174000,0.002260609
United Kingdom,1988,18,18,99,99,70,73,2.54,0.68,25.38,27.5,42.6,105.8,66961,29251000,0.002289187
United Kingdom,1989,18,18,99,99,66,69,2.26,0.62,25.72,27.8,43.1,105.8,63173,29331000,0.002153796
United Kingdom,1990,18,18,99,99,68,69.5,1.98,0.56,26.06,28.1,43.3,105.8,63008,29411000,0.002142328
United Kingdom,1991,18,18,99,99,70,70,1.7,0.5,26.4,28.4,43.4,105.8,59717,29490000,0.002024992
United Kingdom,1992,18,18,99,99,76,76,2.01,0.63,26.39,28.37,43.7,105.8,54936,29569000,0.001857892
United Kingdom,1993,18,18,99,99,82,82,2.32,0.76,26.38,28.34,44.1,105.8,51467,29648000,0.001735935
United Kingdom,1994,18,18,99,99,81,82,2.63,0.89,26.37,28.31,44.2,105.9,47878,29727000,0.00161059
United Kingdom,1995,18,18,99,99,80,82,2.94,1.02,26.36,28.28,44.3,105.7,47652,29807000,0.001598685
United Kingdom,1996,18,18,99,99,77,78,3.25,1.15,26.35,28.25,44.6,105.6,50797,29888000,0.001699578
United Kingdom,1997,18,18,99,99,74,74,3.56,1.28,26.34,28.22,44.9,105.5,52851,29970000,0.001763463
United Kingdom,1998,18,18,99,99,81,83,3.87,1.41,26.33,28.19,45,105.5,54822,30053000,0.001824177
United Kingdom,1999,18,18,99,99,82,82,4.18,1.54,26.32,28.16,45.1,105.3,54921,30140000,0.001822196
United Kingdom,2000,18,18,99,99,76,76,4.49,1.67,26.31,28.13,45.2,105.3,52059,30232000,0.001721983
United States of America,1980,18,18,99,99,62.83333333,68.9,9.2,3,23.3,25.2,42.33809524,99,562330,118348000,0.004751496
United States of America,1982,18,18,99,99,64,69.5,8.5,2.86,23.72,25.68,42.64285714,99,523531,120773000,0.004334835
United States of America,1985,18,18,99,99,66.55,71.9,7.45,2.65,24.35,26.4,43.1,103.9,477705,124225000,0.003845482
United States of America,1986,18,18,99,99,67.4,72.7,7.1,2.58,24.56,26.64,43.4,105.5,472081,125437000,0.003763491
United States of America,1987,18,18,99,99,68.25,73.5,6.75,2.51,24.77,26.88,43.8,105.4,472623,126678000,0.0037309
United States of America,1988,18,18,99,99,69.1,74.3,6.4,2.44,24.98,27.12,44,105.3,488941,127940000,0.003821643
United States of America,1989,18,18,99,99,67.85,72.5,6.05,2.37,25.19,27.36,44.3,105.2,517989,129204000,0.004009079
United States of America,1991,18,18,99,99,67.38,71.84,5.72,2.5,25.46,27.62,44.5,105,531591,131700000,0.004036378
United States of America,1993,18,18,99,99,68.94,74.12,5.76,2.9,25.58,27.66,44.8,104.7,513647,134187000,0.003827845
United States of America,1994,18,18,99,99,69.72,75.26,5.78,3.1,25.64,27.68,45.3,104.6,518389,135510000,0.003825467
United States of America,1995,18,18,99,99,70.5,76.4,5.8,3.3,25.7,27.7,45.4,103.6,512115,136929000,0.003740004
United States of America,1996,18,18,99,99,70.15714286,75.88571429,5.82,3.5,25.76,27.72,45.5,104.4,502725,138459000,0.003630858
United States of America,1997,18,18,99,99,69.81428571,75.37142857,5.84,3.7,25.82,27.74,45.7,104.3,493341,140082000,0.003521802
United States of America,1998,18,18,99,99,69.47142857,74.85714286,5.86,3.9,25.88,27.76,45.7,104.1,494357,141745000,0.00348765
United States of America,1999,18,18,99,99,69.12857143,74.34285714,5.88,4.1,25.94,27.78,45.8,104,485104,143376000,0.003383439
United States of America,2000,18,18,99,99,68.78571429,73.82857143,5.9,4.3,26,27.8,45.8,103.5,477509,144923000,0.003294915
Uruguay,1985,18,18,98.62861232,98.26304688,72.26666667,83.33333333,11.3,2,22.9,25.2,35.8,105,6588,1543000,0.004269605
Uruguay,1986,18,18,98.66394769,98.25305842,72.4,83,11.43636364,2.136363636,22.93636364,25.23636364,36.8,105.2,6828,1555000,0.004390997
Uruguay,1987,18,18,98.69928307,98.24306995,72.53333333,82.66666667,11.57272727,2.272727273,22.97272727,25.27272727,37.5,105.4,7308,1566000,0.004666667
Uruguay,1988,18,18,98.73461844,98.23308149,72.66666667,82.33333333,11.70909091,2.409090909,23.00909091,25.30909091,38.4,105.7,7885,1578000,0.004996831
Uruguay,1993,18,18,98.91129531,98.18313918,73.33333333,80.66666667,12.39090909,3.090909091,23.19090909,25.49090909,40.8,106.2,8703,1638000,0.005313187
Uruguay,1996,18,18,99.01730143,98.15317379,73.73333333,79.66666667,12.8,3.5,23.3,25.6,41.7,106.1,9734,1675000,0.005811343
Uruguay,1997,18,18,98.98682331,98.16906702,73.86666667,79.33333333,12.7,3.486666667,23.4,25.69333333,41.7,106.2,9794,1687000,0.005805572
Uruguay,1998,18,18,98.95634518,98.18496024,74,79,12.6,3.473333333,23.5,25.78666667,41.9,106.3,7974,1698000,0.004696113
Uruguay,1999,18,18,98.92586706,98.20085347,74.13333333,78.66666667,12.5,3.46,23.6,25.88,42.3,106.4,8875,1707000,0.00519918
Uruguay,2000,18,18,98.89538894,98.2167467,74.26666667,78.33333333,12.4,3.446666667,23.7,25.97333333,42.8,106.5,8475,1714000,0.004944574
Uzbekistan,1989,17,18,98.46335429,98.49159429,45.7,49.09,11.1,1.3,20.3,22.4,45.4,102.5,42133,10148000,0.004151853
Uzbekistan,1993,17,18,98.73167714,98.74579714,48.9,52.81,12.18571429,0.94,20.47142857,22.36,44,101.9,73837,11103000,0.006650185
Uzbekistan,1994,17,18,98.79875786,98.80934786,49.7,53.74,12.45714286,0.85,20.51428571,22.35,43.9,101.7,71906,11334000,0.006344274
Uzbekistan,1995,17,18,98.86583857,98.87289857,50.5,54.67,12.72857143,0.76,20.55714286,22.34,43.9,101.6,67259,11555000,0.00582077
Uzbekistan,1996,17,18,98.93291929,98.93644929,51.3,55.6,13,0.67,20.6,22.33,43.9,101.4,65885,11765000,0.005600085
Venezuela,1981,14,16,93.11175997,92.32981989,48.2,59.725,18.9,5,21.3,25,27.69047619,97.68,83962,7681000,0.010931129
Venezuela,1985,14,16,93.99242717,93.19821759,50.3,59.15,18.41111111,5.222222222,21.65555556,25.17777778,29.9,97.9,79569,8572000,0.009282431
Venezuela,1986,14,16,94.21259397,93.41531701,50.825,59.00625,18.28888889,5.277777778,21.74444444,25.22222222,30.3,98.2,93445,8808000,0.010609105
Venezuela,1987,14,16,94.43276077,93.63241643,51.35,58.8625,18.16666667,5.333333333,21.83333333,25.26666667,30.7,98.2,94972,9049000,0.010495303
Venezuela,1988,14,16,94.65292756,93.84951586,51.875,58.71875,18.04444444,5.388888889,21.92222222,25.31111111,31,98.3,97062,9295000,0.010442388
Venezuela,1989,14,16,94.87309436,94.06661528,52.4,58.575,17.92222222,5.444444444,22.01111111,25.35555556,31.4,98.3,95928,9540000,0.010055346
Venezuela,1990,14,16,95.09326116,94.2837147,52.925,58.43125,17.8,5.5,22.1,25.4,31.8,98.2,105128,9782000,0.010747086
Venezuela,1991,14,16,95.31342796,94.50081413,53.45,58.2875,17.73636364,5.463636364,22.15454545,25.45454545,32.2,98.4,108734,10022000,0.010849531
Venezuela,1992,14,16,95.53359476,94.71791355,53.975,58.14375,17.67272727,5.427272727,22.20909091,25.50909091,31.8,98.4,103643,10258000,0.010103626
Venezuela,1993,14,16,95.75376156,94.93501298,54.5,58,17.60909091,5.390909091,22.26363636,25.56363636,31.3,98.5,100118,10493000,0.009541409
Venezuela,1994,14,16,95.97392836,95.1521124,55.94,60.46,17.54545455,5.354545455,22.31818182,25.61818182,31.9,98.5,107694,10726000,0.010040462
Venezuela,1995,14,16,96.19409516,95.36921182,57.38,62.92,17.48181818,5.318181818,22.37272727,25.67272727,33.6,98.4,102445,10960000,0.009347172
Venezuela,1996,14,16,96.41426196,95.58631125,58.82,65.38,17.41818182,5.281818182,22.42727273,25.72727273,34.2,98.5,98899,11193000,0.00883579
Venezuela,1997,14,16,96.63442876,95.80341067,60.26,67.84,17.35454545,5.245454545,22.48181818,25.78181818,34.9,98.6,83208,11426000,0.007282339
Venezuela,1998,14,16,96.85459556,96.0205101,61.7,70.3,17.29090909,5.209090909,22.53636364,25.83636364,35.6,98.7,103880,11658000,0.008910619
Venezuela,1999,14,16,97.07476236,96.23760952,62.44285714,70.77619048,17.22727273,5.172727273,22.59090909,25.89090909,36.2,98.7,114974,11891000,0.009668993
Venezuela,2000,14,16,97.29492916,96.45470894,63.18571429,71.25238095,17.16363636,5.136363636,22.64545455,25.94545455,36.8,98.7,116516,12124000,0.00961036
Zambia,1990,21,21,66.38115566,67.2693468,6.553333333,11.78666667,23.9,2,21.2,25.9,43.1,101.3,75668,3952000,0.019146711
Zambia,2000,21,21,67.18081029,74.31876997,19.26666667,26.06666667,28.3,4.2,20.9,25.4,43.1,101.7,94782,5071000,0.018690941
